city,type,bedrooms,bathrooms,area,price
Gampaha,apartment,3,4,4522,90800000.0
Kurunegala,house,3,3,4194,58400000.0
Kandy,apartment,5,2,3141,72100000.0
Negombo,house,4,5,1934,44900000.0
Negombo,house,1,1,1224,24800000.0
Kurunegala,house,4,3,2649,40800000.0
Galle,house,3,3,3638,66300000.0
Battaramulla,land,0,0,9433,156700000.0
Kurunegala,house,4,4,2228,37100000.0
Kandy,house,1,2,2335,41500000.0
Rajagiriya,house,2,2,2250,71200000.0
Kurunegala,house,2,2,1745,26200000.0
Kandy,house,4,1,1087,24500000.0
Kandy,house,4,4,1129,27400000.0
Colombo,house,1,2,2777,98600000.0
Dehiwala,apartment,3,3,4311,134900000.0
Galle,land,0,0,9392,113100000.0
Rajagiriya,house,5,3,3481,109500000.0
Dehiwala,house,5,6,3440,102100000.0
Kurunegala,house,3,1,956,16800000.0
Kurunegala,house,3,3,1613,27200000.0
Battaramulla,house,4,5,2428,71000000.0
Battaramulla,land,0,0,4157,72500000.0
Kurunegala,apartment,1,1,3443,51900000.0
Battaramulla,apartment,3,4,2279,71300000.0
Galle,house,1,1,2056,37200000.0
Battaramulla,house,3,3,1459,42600000.0
Galle,house,1,1,1413,27700000.0
Negombo,house,1,2,2603,52700000.0
Battaramulla,house,2,3,2386,61900000.0
Colombo,house,2,2,1604,59800000.0
Colombo,apartment,2,1,2457,106600000.0
Negombo,house,4,3,4005,79000000.0
Negombo,house,4,2,947,24800000.0
Colombo,house,3,2,3261,115100000.0
Battaramulla,house,4,3,2119,59900000.0
Dehiwala,house,4,1,3726,99100000.0
Gampaha,land,0,0,5736,61300000.0
Galle,house,2,3,1012,23600000.0
Kurunegala,land,0,0,3049,26900000.0
Nugegoda,land,0,0,8158,129200000.0
Dehiwala,apartment,3,4,3941,131600000.0
Battaramulla,house,4,4,1003,32400000.0
Galle,apartment,5,2,4527,103800000.0
Galle,house,4,1,2050,40500000.0
Kandy,apartment,3,1,3854,79800000.0
Dehiwala,apartment,5,3,3235,111900000.0
Rajagiriya,house,1,2,1709,53200000.0
Dehiwala,house,1,2,766,23800000.0
Nugegoda,apartment,4,1,1810,59400000.0
Colombo,house,3,4,1889,73100000.0
Nugegoda,house,1,2,4144,95500000.0
Galle,house,2,3,2645,48800000.0
Rajagiriya,apartment,2,3,904,35600000.0
Kurunegala,apartment,1,1,3556,53300000.0
Rajagiriya,apartment,5,4,3700,135800000.0
Battaramulla,apartment,4,3,1916,63400000.0
Rajagiriya,house,3,1,4519,132600000.0
Negombo,house,1,2,4604,85200000.0
Nugegoda,house,5,4,3801,103500000.0
Gampaha,house,5,4,4892,86600000.0
Kandy,apartment,5,2,1385,36900000.0
Dehiwala,apartment,3,4,2119,68600000.0
Nugegoda,house,1,2,1762,42100000.0
Kurunegala,house,2,2,1309,20100000.0
Nugegoda,apartment,5,5,3044,92100000.0
Kurunegala,house,5,6,3494,54600000.0
Nugegoda,house,4,5,3709,92400000.0
Nugegoda,house,1,2,2507,62100000.0
Kurunegala,apartment,5,4,3599,61800000.0
Kurunegala,apartment,2,1,1765,29900000.0
Battaramulla,apartment,2,1,1645,52100000.0
Battaramulla,house,2,3,3177,79200000.0
Dehiwala,apartment,4,3,4663,144500000.0
Rajagiriya,house,2,3,3524,100200000.0
Kandy,house,2,2,3819,68200000.0
Galle,house,2,1,2266,44400000.0
Kandy,apartment,5,5,3558,81200000.0
Nugegoda,apartment,3,1,1872,56700000.0
Rajagiriya,house,5,4,4190,131100000.0
Gampaha,apartment,1,2,4702,88200000.0
Galle,house,3,3,1145,28200000.0
Dehiwala,house,4,4,4327,119700000.0
Nugegoda,house,4,1,3688,89200000.0
Nugegoda,apartment,1,1,2906,86300000.0
Kurunegala,house,2,1,1482,21500000.0
Rajagiriya,land,0,0,8241,167000000.0
Colombo,house,5,2,3743,146000000.0
Rajagiriya,house,5,6,3136,102100000.0
Colombo,apartment,1,1,2074,91900000.0
Negombo,apartment,3,1,3673,85300000.0
Kurunegala,land,0,0,5268,42100000.0
Kurunegala,apartment,5,1,2708,48700000.0
Galle,house,1,1,1573,29300000.0
Nugegoda,land,0,0,4627,78100000.0
Nugegoda,house,5,3,3561,88500000.0
Dehiwala,apartment,1,2,2006,61900000.0
Colombo,apartment,3,4,1220,57000000.0
Kurunegala,land,0,0,6063,50400000.0
Kandy,apartment,2,2,4469,89500000.0
Rajagiriya,house,5,1,4525,134600000.0
Colombo,house,5,4,3258,127800000.0
Dehiwala,apartment,2,3,1005,36400000.0
Galle,house,2,3,1765,35600000.0
Colombo,house,1,1,4908,172400000.0
Colombo,apartment,2,1,1260,55600000.0
Gampaha,apartment,1,1,2418,48300000.0
Nugegoda,house,5,5,4928,122700000.0
Galle,house,3,1,1466,29500000.0
Colombo,apartment,2,3,2324,105400000.0
Rajagiriya,house,3,3,2734,84500000.0
Nugegoda,house,3,1,3564,83400000.0
Nugegoda,apartment,2,3,2900,82900000.0
Rajagiriya,house,2,2,2108,63600000.0
Rajagiriya,house,1,2,2108,61900000.0
Gampaha,house,1,1,887,16500000.0
Kurunegala,apartment,4,5,3343,59900000.0
Rajagiriya,house,3,3,4573,133400000.0
Galle,house,3,2,1649,33400000.0
Kandy,house,3,3,4938,90600000.0
Kurunegala,house,5,5,4650,65100000.0
Negombo,house,1,2,3143,62400000.0
Colombo,house,5,3,3046,116900000.0
Negombo,house,3,3,4893,91400000.0
Kurunegala,apartment,1,1,2026,33200000.0
Kandy,house,2,3,2875,51800000.0
Kurunegala,house,3,3,2396,37500000.0
Rajagiriya,house,3,3,3836,110400000.0
Gampaha,house,2,3,2726,48500000.0
Negombo,house,4,1,4346,86000000.0
Battaramulla,house,1,1,1919,46600000.0
Negombo,house,1,2,3222,60500000.0
Battaramulla,apartment,2,3,2725,84500000.0
Negombo,apartment,1,1,3459,75100000.0
Negombo,house,4,3,4267,84000000.0
Kandy,apartment,3,3,3340,71000000.0
Battaramulla,land,0,0,1005,16700000.0
Battaramulla,house,1,2,3301,84600000.0
Galle,apartment,3,4,1891,48100000.0
Battaramulla,house,1,2,2798,71400000.0
Negombo,house,3,3,2776,58000000.0
Negombo,house,2,1,2423,49900000.0
Kandy,apartment,1,1,3126,64100000.0
Kandy,apartment,3,2,1868,44200000.0
Rajagiriya,house,3,1,3385,99100000.0
Colombo,apartment,4,5,4600,210200000.0
Dehiwala,house,5,3,827,31200000.0
Battaramulla,house,2,1,3199,83300000.0
Gampaha,apartment,3,1,2940,58900000.0
Colombo,apartment,2,2,4437,186200000.0
Gampaha,house,3,3,1952,36200000.0
Battaramulla,apartment,5,1,2785,90800000.0
Battaramulla,land,0,0,2120,36400000.0
Gampaha,house,4,2,2615,46500000.0
Negombo,house,4,5,3978,82900000.0
Battaramulla,apartment,2,3,844,30600000.0
Battaramulla,house,3,3,2866,78800000.0
Kurunegala,house,2,2,1112,17700000.0
Kandy,house,1,1,2389,42200000.0
Battaramulla,land,0,0,4876,83600000.0
Kurunegala,apartment,2,1,4896,76300000.0
Kandy,apartment,3,3,2542,54100000.0
Nugegoda,house,4,1,3822,98400000.0
Gampaha,house,5,1,2082,39100000.0
Battaramulla,apartment,2,1,1324,41800000.0
Kurunegala,land,0,0,9577,80200000.0
Rajagiriya,land,0,0,7783,148300000.0
Dehiwala,house,1,1,4322,115100000.0
Colombo,apartment,3,2,3463,144500000.0
Nugegoda,house,1,2,4182,96200000.0
Negombo,apartment,5,1,2542,62200000.0
Gampaha,house,3,2,2829,48800000.0
Colombo,house,3,2,1518,61300000.0
Rajagiriya,house,4,1,2911,88500000.0
Dehiwala,house,1,2,4900,131600000.0
Kurunegala,house,2,1,804,13200000.0
Rajagiriya,apartment,1,1,3556,119000000.0
Gampaha,apartment,5,6,4060,87200000.0
Dehiwala,apartment,2,3,2893,97300000.0
Kandy,apartment,4,4,914,26600000.0
Gampaha,apartment,2,3,2948,61100000.0
Dehiwala,house,4,2,1263,41200000.0
Nugegoda,house,2,3,2159,54900000.0
Gampaha,house,5,5,2029,43200000.0
Rajagiriya,apartment,3,4,4327,157900000.0
Kandy,house,3,2,4973,83300000.0
Rajagiriya,house,1,2,4783,139300000.0
Gampaha,house,3,2,2801,46700000.0
Rajagiriya,house,3,2,2925,85000000.0
Battaramulla,house,2,1,2372,58500000.0
Negombo,house,1,1,1395,28300000.0
Rajagiriya,apartment,1,1,1204,43300000.0
Colombo,house,4,2,4379,154000000.0
Negombo,apartment,3,1,4113,96900000.0
Nugegoda,apartment,3,4,1886,61900000.0
Kandy,house,2,3,3461,64100000.0
Nugegoda,house,2,3,2512,66000000.0
Colombo,house,5,3,1231,54200000.0
Rajagiriya,house,1,2,1990,60400000.0
Kandy,house,3,3,4319,78900000.0
Dehiwala,house,2,3,2386,63000000.0
Colombo,house,2,1,4644,166900000.0
Kandy,apartment,5,1,2500,57800000.0
Negombo,land,0,0,7609,95800000.0
Kurunegala,house,2,3,4109,56400000.0
Gampaha,land,0,0,6913,73100000.0
Kurunegala,house,5,1,3680,54900000.0
Rajagiriya,house,5,2,4044,127200000.0
Gampaha,house,3,2,1364,25700000.0
Kandy,house,4,5,880,25600000.0
Kandy,house,4,1,4337,78600000.0
Galle,apartment,1,2,1242,29200000.0
Rajagiriya,house,2,2,3211,90200000.0
Rajagiriya,land,0,0,4810,90200000.0
Battaramulla,house,1,1,994,26300000.0
Kandy,house,1,2,1670,29700000.0
Battaramulla,apartment,1,1,4250,123100000.0
Rajagiriya,house,5,1,1181,39600000.0
Galle,house,1,2,1713,31700000.0
Kurunegala,apartment,5,3,1556,34200000.0
Kandy,house,5,2,1634,36800000.0
Kurunegala,house,1,2,1686,23000000.0
Dehiwala,apartment,5,5,803,38300000.0
Colombo,house,4,2,2346,87900000.0
Dehiwala,apartment,1,2,752,26900000.0
Negombo,apartment,5,1,3126,79000000.0
Nugegoda,house,1,2,3432,79400000.0
Galle,house,2,2,4885,91800000.0
Rajagiriya,house,3,1,1663,49900000.0
Nugegoda,land,0,0,6233,100300000.0
Dehiwala,apartment,2,3,2746,86300000.0
Negombo,house,4,1,2454,50300000.0
Galle,land,0,0,5286,64200000.0
Gampaha,apartment,5,2,3558,70100000.0
Gampaha,house,3,1,4491,75800000.0
Rajagiriya,apartment,5,5,2297,85300000.0
Colombo,house,2,1,1757,62900000.0
Gampaha,house,2,3,2185,39300000.0
Nugegoda,house,4,4,2637,72600000.0
Battaramulla,house,1,2,1667,44400000.0
Negombo,house,2,3,3103,64900000.0
Battaramulla,apartment,4,5,3257,99800000.0
Colombo,house,3,3,4359,154600000.0
Rajagiriya,land,0,0,8266,161200000.0
Gampaha,house,5,5,1848,39100000.0
Rajagiriya,apartment,4,3,4528,168400000.0
Kandy,house,5,5,4776,93000000.0
Dehiwala,house,3,3,4713,128100000.0
Rajagiriya,house,1,1,1541,45000000.0
Kandy,house,1,1,4426,75300000.0
Rajagiriya,apartment,3,1,1709,61600000.0
Kandy,land,0,0,3946,42800000.0
Galle,house,1,2,2625,47800000.0
Negombo,house,4,5,866,26800000.0
Kandy,house,5,1,4917,86900000.0
Rajagiriya,house,3,1,1478,48600000.0
Negombo,land,0,0,1778,22400000.0
Kandy,house,4,1,3867,66400000.0
Negombo,apartment,4,1,1463,39700000.0
Rajagiriya,house,2,1,3598,108800000.0
Colombo,apartment,2,2,3924,163600000.0
Gampaha,house,2,2,4988,77400000.0
Gampaha,apartment,3,1,1384,29000000.0
Negombo,apartment,1,2,1465,36400000.0
Rajagiriya,apartment,4,3,3180,111000000.0
Battaramulla,house,2,2,1159,32800000.0
Galle,house,3,2,2884,56400000.0
Galle,apartment,2,3,4388,95200000.0
Kandy,apartment,5,3,4415,90700000.0
Dehiwala,house,1,1,3721,92700000.0
Dehiwala,house,1,1,4638,122800000.0
Kurunegala,apartment,4,5,3529,61000000.0
Battaramulla,house,2,1,2023,53700000.0
Battaramulla,apartment,2,2,4759,149100000.0
Kurunegala,land,0,0,4714,40100000.0
Kandy,apartment,1,1,4341,85000000.0
Gampaha,apartment,2,3,3090,63800000.0
Galle,house,4,5,2396,52200000.0
Gampaha,house,2,3,3966,64800000.0
Galle,house,3,1,2796,53500000.0
Kandy,house,3,2,4528,78500000.0
Kurunegala,house,4,1,2030,31200000.0
Kandy,apartment,1,1,1325,27500000.0
Galle,apartment,5,4,2962,74000000.0
Kandy,apartment,4,4,2024,47000000.0
Rajagiriya,land,0,0,1968,38700000.0
Battaramulla,house,1,1,1808,45700000.0
Nugegoda,house,1,1,1979,48900000.0
Battaramulla,land,0,0,2239,38300000.0
Rajagiriya,house,5,1,3999,118600000.0
Negombo,house,5,4,2719,58600000.0
Gampaha,house,5,1,1764,35600000.0
Negombo,apartment,2,1,3224,75000000.0
Rajagiriya,house,2,3,4702,131200000.0
Kandy,apartment,4,1,3822,78100000.0
Nugegoda,apartment,1,2,4041,111100000.0
Negombo,house,1,1,3382,60800000.0
Galle,house,2,1,3923,69500000.0
Negombo,house,2,2,1750,35800000.0
Colombo,house,1,1,4476,161200000.0
Kurunegala,house,5,3,3625,54300000.0
Colombo,house,1,1,4088,147100000.0
Kurunegala,apartment,1,1,4615,72100000.0
Rajagiriya,house,5,5,1927,63900000.0
Nugegoda,house,5,4,3580,92800000.0
Gampaha,apartment,2,3,1754,38800000.0
Gampaha,apartment,5,4,1464,37400000.0
Battaramulla,land,0,0,5882,94900000.0
Battaramulla,house,4,3,2442,69700000.0
Dehiwala,house,2,2,2431,65100000.0
Battaramulla,apartment,3,3,3929,116800000.0
Gampaha,house,1,2,1194,20900000.0
Battaramulla,house,1,2,2458,63300000.0
Gampaha,apartment,5,6,1993,48000000.0
Galle,apartment,2,1,2410,55300000.0
Kandy,house,2,3,2066,38300000.0
Kandy,apartment,4,2,895,25900000.0
Kurunegala,house,2,1,2334,32800000.0
Rajagiriya,house,5,1,1411,45700000.0
Dehiwala,apartment,3,2,1718,57400000.0
Galle,house,2,3,4479,81400000.0
Negombo,house,1,1,4101,73500000.0
Dehiwala,apartment,2,3,4881,146100000.0
Colombo,house,1,2,2664,95200000.0
Gampaha,house,1,2,4463,71600000.0
Nugegoda,house,2,3,3811,91100000.0
Kurunegala,house,2,3,3567,48100000.0
Dehiwala,apartment,4,4,4369,147600000.0
Galle,house,2,2,1382,29400000.0
Colombo,house,4,3,2429,92900000.0
Gampaha,house,5,4,4693,84100000.0
Colombo,apartment,5,4,4787,207400000.0
Kandy,apartment,1,1,3581,71300000.0
Battaramulla,apartment,4,1,2351,73800000.0
Rajagiriya,land,0,0,3496,67200000.0
Battaramulla,house,2,2,1011,30500000.0
Negombo,house,4,2,4857,99500000.0
Kurunegala,house,5,3,3979,60400000.0
Negombo,house,4,1,4975,93900000.0
Battaramulla,house,2,1,2735,67100000.0
Negombo,house,1,2,987,20600000.0
Dehiwala,land,0,0,8045,135800000.0
Nugegoda,house,5,2,1713,47100000.0
Battaramulla,house,4,4,4474,122500000.0
Battaramulla,house,4,5,4888,129800000.0
Gampaha,house,3,1,2703,45900000.0
Rajagiriya,house,2,1,2700,81200000.0
Galle,house,1,1,4994,84100000.0
Dehiwala,house,4,1,2388,64900000.0
Nugegoda,apartment,4,5,1569,55200000.0
Negombo,house,5,4,1517,37600000.0
Gampaha,house,5,5,3395,66400000.0
Gampaha,house,3,1,3043,52600000.0
Nugegoda,apartment,2,3,1650,50100000.0
Nugegoda,apartment,5,5,3135,94700000.0
Battaramulla,house,1,2,3192,79700000.0
Battaramulla,house,5,2,3307,85800000.0
Battaramulla,house,2,3,4554,114100000.0
Negombo,house,2,1,3422,68600000.0
Colombo,apartment,1,1,1321,55500000.0
Colombo,apartment,2,1,1464,65500000.0
Kandy,apartment,1,1,4676,92400000.0
Dehiwala,house,4,1,2898,75900000.0
Kandy,house,3,1,4256,70400000.0
Kandy,house,4,5,4647,85000000.0
Battaramulla,house,3,3,3296,83900000.0
Kurunegala,house,2,2,4444,55900000.0
Colombo,house,1,1,3759,136300000.0
Dehiwala,house,4,1,2966,84900000.0
Gampaha,house,2,2,2946,47300000.0
Kandy,house,5,5,4733,91000000.0
Rajagiriya,house,1,2,2980,83400000.0
Kandy,house,4,2,4447,82700000.0
Battaramulla,house,3,2,2910,77500000.0
Dehiwala,apartment,1,2,2006,64000000.0
Nugegoda,apartment,5,6,1051,43500000.0
Gampaha,house,3,4,1347,29400000.0
Galle,land,0,0,4537,51900000.0
Nugegoda,apartment,3,2,4428,128600000.0
Gampaha,apartment,5,6,4504,97000000.0
Colombo,house,3,3,3210,115000000.0
Galle,apartment,2,2,4477,99300000.0
Nugegoda,apartment,4,3,2605,83300000.0
Galle,house,3,3,3887,72500000.0
Galle,house,2,2,1063,22000000.0
Colombo,house,1,2,3384,125100000.0
Gampaha,house,3,1,1447,26800000.0
Battaramulla,apartment,3,2,2578,82100000.0
Negombo,apartment,5,2,2835,68400000.0
Galle,house,1,1,3380,59800000.0
Dehiwala,house,2,3,3697,94000000.0
Kandy,apartment,2,3,4009,85700000.0
Colombo,apartment,3,2,1413,64800000.0
Kurunegala,apartment,4,3,1181,25700000.0
Gampaha,apartment,1,2,1580,31000000.0
Galle,land,0,0,2283,27200000.0
Negombo,land,0,0,3171,39500000.0
Galle,land,0,0,6624,79300000.0
Kurunegala,house,5,3,4446,64400000.0
Negombo,house,1,1,2650,51600000.0
Dehiwala,house,2,3,2753,77100000.0
Kurunegala,land,0,0,4331,34700000.0
Gampaha,house,1,2,4134,62300000.0
Galle,house,4,4,2369,51100000.0
Battaramulla,house,4,2,3211,81100000.0
Gampaha,house,4,2,4221,73200000.0
Kurunegala,apartment,4,1,2469,40600000.0
Rajagiriya,land,0,0,6560,126600000.0
Rajagiriya,house,2,3,1921,57600000.0
Gampaha,house,2,2,3111,54100000.0
Nugegoda,apartment,2,1,3102,89300000.0
Galle,land,0,0,7588,86800000.0
Rajagiriya,apartment,2,1,1347,49600000.0
Colombo,land,0,0,1572,39900000.0
Kurunegala,house,1,1,2383,29800000.0
Negombo,apartment,2,1,4338,102100000.0
Galle,apartment,2,3,4500,98200000.0
Kandy,apartment,4,3,1360,33500000.0
Colombo,house,5,4,1927,77600000.0
Battaramulla,house,5,6,3425,99200000.0
Galle,house,4,2,2863,54200000.0
Dehiwala,land,0,0,8264,143000000.0
Dehiwala,house,4,1,3176,85400000.0
Dehiwala,house,3,4,4407,113900000.0
Galle,house,5,1,3035,60300000.0
Kurunegala,house,4,2,3572,51400000.0
Dehiwala,apartment,3,4,3726,121500000.0
Gampaha,house,5,4,1437,31900000.0
Battaramulla,apartment,3,4,3446,111000000.0
Gampaha,land,0,0,9766,102400000.0
Nugegoda,apartment,5,2,2033,68900000.0
Kurunegala,house,3,1,2310,31900000.0
Battaramulla,apartment,2,2,3819,117600000.0
Galle,apartment,2,2,3740,82500000.0
Galle,house,2,2,1904,38800000.0
Kurunegala,house,4,2,939,19700000.0
Dehiwala,house,1,1,1848,49400000.0
Negombo,apartment,4,3,3659,92300000.0
Dehiwala,house,5,2,1839,54400000.0
Kandy,house,1,2,4969,87100000.0
Gampaha,house,3,4,1191,26400000.0
Negombo,house,5,3,2086,47100000.0
Battaramulla,land,0,0,1459,23900000.0
Galle,apartment,5,2,1888,50000000.0
Gampaha,house,2,2,3347,53700000.0
Nugegoda,house,3,3,4667,114600000.0
Colombo,house,2,2,2500,89100000.0
Galle,house,3,3,2199,45800000.0
Battaramulla,land,0,0,8230,139100000.0
Gampaha,house,3,3,1893,36600000.0
Battaramulla,house,1,2,4197,102000000.0
Nugegoda,house,3,2,3019,76700000.0
Battaramulla,apartment,2,1,4758,147900000.0
Gampaha,house,1,2,2443,39900000.0
Rajagiriya,house,5,5,2049,67900000.0
Colombo,apartment,1,1,1808,81000000.0
Kandy,land,0,0,8468,96700000.0
Kandy,house,4,1,2823,50400000.0
Negombo,apartment,3,2,4490,104900000.0
Gampaha,house,4,4,1328,30400000.0
Rajagiriya,house,3,3,2542,76900000.0
Negombo,house,1,2,2686,49500000.0
Negombo,house,3,4,2890,60400000.0
Dehiwala,house,3,4,2846,75700000.0
Kandy,house,4,1,1090,24300000.0
Kurunegala,house,1,1,1605,21800000.0
Gampaha,house,5,3,2267,46700000.0
Colombo,house,3,4,3754,142900000.0
Colombo,apartment,4,2,923,44700000.0
Gampaha,house,4,2,4783,81100000.0
Colombo,house,2,1,2524,91600000.0
Battaramulla,land,0,0,1331,21400000.0
Galle,land,0,0,6054,73100000.0
Kurunegala,house,3,1,1659,25800000.0
Negombo,house,4,3,3905,80400000.0
Nugegoda,land,0,0,1386,22400000.0
Kandy,apartment,1,2,3216,64900000.0
Gampaha,house,2,1,1986,34800000.0
Galle,apartment,1,2,2569,55300000.0
Rajagiriya,house,5,1,4770,147200000.0
Rajagiriya,house,3,4,3993,125300000.0
Gampaha,house,2,3,1891,35100000.0
Colombo,house,2,1,756,29400000.0
Kandy,apartment,4,3,4023,87500000.0
Dehiwala,house,3,2,3678,100200000.0
Nugegoda,house,4,4,1804,52500000.0
Rajagiriya,house,3,3,1928,59700000.0
Kurunegala,house,3,1,1660,25400000.0
Kurunegala,land,0,0,3172,26300000.0
Nugegoda,house,4,2,3166,77500000.0
Battaramulla,house,4,5,3986,106400000.0
Rajagiriya,house,5,3,3140,97800000.0
Kurunegala,apartment,5,3,1090,25800000.0
Nugegoda,land,0,0,1358,22000000.0
Colombo,house,5,3,1884,78900000.0
Battaramulla,house,1,1,4585,110300000.0
Negombo,house,2,3,1748,37100000.0
Nugegoda,house,4,3,2796,76700000.0
Nugegoda,house,5,4,3043,78500000.0
Gampaha,house,1,2,2710,45800000.0
Negombo,house,3,2,3417,67900000.0
Negombo,house,2,2,2360,46100000.0
Kandy,house,3,3,3558,63500000.0
Colombo,apartment,3,2,2720,122000000.0
Battaramulla,apartment,3,4,3308,99700000.0
Battaramulla,house,1,1,4685,112000000.0
Negombo,house,5,5,1692,43500000.0
Gampaha,house,5,6,4656,84900000.0
Kurunegala,apartment,5,4,4502,74600000.0
Kandy,house,3,3,3061,59300000.0
Kandy,house,3,1,4113,73700000.0
Colombo,house,5,5,2985,118800000.0
Colombo,apartment,2,3,3925,169100000.0
Rajagiriya,house,4,3,4176,126500000.0
Rajagiriya,house,3,3,1107,37700000.0
Kandy,house,2,2,2247,40600000.0
Rajagiriya,house,3,2,3530,106200000.0
Gampaha,house,1,2,1186,20300000.0
Dehiwala,house,1,1,3134,82600000.0
Kurunegala,house,4,4,909,21000000.0
Rajagiriya,apartment,4,5,3057,109700000.0
Gampaha,apartment,4,2,2014,44300000.0
Kurunegala,apartment,1,1,1567,25000000.0
Negombo,house,1,2,1417,27900000.0
Colombo,house,1,1,1568,57000000.0
Colombo,house,4,3,4242,151400000.0
Gampaha,house,1,2,2760,46400000.0
Gampaha,house,5,5,984,27700000.0
Colombo,house,3,1,4273,158200000.0
Galle,house,3,3,2066,40700000.0
Nugegoda,house,4,1,2128,55700000.0
Rajagiriya,apartment,3,4,1641,65900000.0
Rajagiriya,house,4,2,3987,119300000.0
Kandy,apartment,4,5,2628,62100000.0
Rajagiriya,house,4,2,1689,54700000.0
Kandy,house,1,2,4354,71600000.0
Dehiwala,apartment,1,2,2851,89200000.0
Nugegoda,apartment,5,5,3923,118800000.0
Negombo,apartment,2,3,1136,30200000.0
Colombo,land,0,0,5979,139300000.0
Galle,land,0,0,4259,50200000.0
Colombo,house,4,1,2901,104500000.0
Negombo,house,3,3,3542,68500000.0
Negombo,house,5,1,782,23100000.0
Gampaha,house,4,3,1722,36500000.0
Dehiwala,house,3,4,3780,105900000.0
Kandy,house,3,4,944,24100000.0
Rajagiriya,apartment,5,4,1991,79000000.0
Kandy,land,0,0,7683,88400000.0
Colombo,house,4,2,4262,159100000.0
Kurunegala,house,3,3,1210,22700000.0
Kandy,land,0,0,8006,91200000.0
Colombo,house,4,4,2342,95600000.0
Galle,apartment,2,1,2802,61100000.0
Galle,house,1,2,3219,58400000.0
Kurunegala,apartment,5,6,4395,79100000.0
Rajagiriya,house,5,6,1866,65600000.0
Colombo,house,3,1,2296,84900000.0
Negombo,house,4,3,2025,47700000.0
Kurunegala,house,4,3,1106,22100000.0
Dehiwala,house,2,2,2033,57700000.0
Rajagiriya,apartment,3,1,3645,134100000.0
Gampaha,house,2,2,4173,66300000.0
Colombo,house,1,1,4417,158100000.0
Negombo,apartment,4,1,3218,72800000.0
Nugegoda,house,4,2,4076,103100000.0
Kandy,apartment,2,3,3253,70600000.0
Negombo,house,1,1,4697,88500000.0
Kurunegala,land,0,0,8927,78700000.0
Rajagiriya,land,0,0,4743,93100000.0
Gampaha,house,4,4,1378,29200000.0
Dehiwala,land,0,0,4674,80000000.0
Colombo,apartment,4,5,2753,127600000.0
Rajagiriya,apartment,2,1,903,35800000.0
Battaramulla,house,3,3,1814,48700000.0
Kurunegala,land,0,0,2772,22600000.0
Battaramulla,house,3,4,1410,42400000.0
Kurunegala,apartment,5,4,2788,54000000.0
Kandy,house,4,2,833,21300000.0
Battaramulla,house,1,2,3968,99700000.0
Galle,house,2,3,4816,87900000.0
Dehiwala,house,3,4,4357,115700000.0
Battaramulla,house,1,1,4002,96400000.0
Gampaha,land,0,0,5958,60200000.0
Galle,house,1,2,2130,40600000.0
Kandy,house,5,5,1133,29100000.0
Battaramulla,land,0,0,4109,70600000.0
Battaramulla,apartment,5,5,4164,133900000.0
Nugegoda,apartment,3,3,955,32600000.0
Negombo,house,5,6,3458,73100000.0
Gampaha,house,2,3,1270,24500000.0
Kurunegala,house,1,2,902,13800000.0
Nugegoda,house,1,1,2502,58100000.0
Colombo,land,0,0,8361,208900000.0
Gampaha,house,1,1,1156,19100000.0
Galle,house,3,1,3274,59000000.0
Negombo,house,4,5,2288,50200000.0
Colombo,apartment,5,1,4670,202200000.0
Battaramulla,apartment,4,2,1118,38300000.0
Battaramulla,house,2,1,2043,54900000.0
Gampaha,house,3,1,4672,77100000.0
Colombo,land,0,0,3240,77900000.0
Negombo,house,3,3,3513,68800000.0
Kurunegala,apartment,4,4,3972,66000000.0
Negombo,apartment,5,6,1124,38000000.0
Gampaha,land,0,0,5595,59800000.0
Colombo,house,5,3,2674,102600000.0
Colombo,land,0,0,9708,243400000.0
Nugegoda,house,3,1,799,23700000.0
Dehiwala,apartment,3,2,4811,148900000.0
Battaramulla,land,0,0,4765,81900000.0
Gampaha,house,3,4,3511,63700000.0
Kandy,house,5,2,3119,62200000.0
Nugegoda,land,0,0,2988,46600000.0
Battaramulla,house,3,1,4025,97800000.0
Dehiwala,house,1,1,957,26800000.0
Kandy,apartment,2,3,4116,82200000.0
Negombo,house,1,2,2945,57100000.0
Battaramulla,house,2,2,3599,93200000.0
Negombo,house,2,1,4945,90700000.0
Rajagiriya,apartment,1,1,1927,66900000.0
Nugegoda,land,0,0,5757,96800000.0
Nugegoda,house,4,2,3211,83300000.0
Colombo,house,4,1,832,37800000.0
Battaramulla,apartment,2,2,925,32200000.0
Kurunegala,house,2,3,2529,37300000.0
Galle,house,4,5,3176,66400000.0
Kurunegala,land,0,0,1859,15800000.0
Galle,apartment,2,1,4501,97300000.0
Nugegoda,apartment,4,1,4914,136600000.0
Rajagiriya,house,5,2,3760,111500000.0
Colombo,apartment,2,2,2077,90700000.0
Rajagiriya,apartment,3,4,3116,113700000.0
Dehiwala,apartment,1,1,2661,86300000.0
Kandy,house,2,1,3306,57400000.0
Galle,house,4,4,3662,75100000.0
Galle,house,3,1,3567,67000000.0
Negombo,house,4,2,2108,43900000.0
Rajagiriya,house,3,2,884,29900000.0
Negombo,house,4,1,1572,36000000.0
Negombo,apartment,1,2,1674,38000000.0
Kurunegala,land,0,0,1241,10800000.0
Battaramulla,house,4,5,945,35100000.0
Kandy,house,1,1,810,15200000.0
Battaramulla,apartment,5,6,3341,113100000.0
Nugegoda,house,2,1,3604,84600000.0
Colombo,house,1,2,2906,105200000.0
Negombo,house,5,2,836,25400000.0
Gampaha,house,1,1,3523,54200000.0
Nugegoda,house,4,5,4068,99400000.0
Rajagiriya,house,4,2,1470,48700000.0
Kurunegala,apartment,2,2,3817,60500000.0
Rajagiriya,house,4,3,3003,90000000.0
Negombo,house,4,3,886,24700000.0
Colombo,house,2,3,1198,46500000.0
Rajagiriya,house,1,2,4938,142200000.0
Colombo,house,5,5,3437,139200000.0
Colombo,house,5,2,1566,67200000.0
Colombo,house,1,1,1000,37400000.0
Nugegoda,house,2,1,4643,113300000.0
Kandy,apartment,5,1,2371,55900000.0
Dehiwala,house,1,1,1467,39200000.0
Dehiwala,apartment,5,3,4984,153200000.0
Galle,apartment,3,4,3357,74700000.0
Kandy,apartment,4,1,3089,68600000.0
Battaramulla,apartment,5,2,3354,111300000.0
Battaramulla,land,0,0,1634,26200000.0
Dehiwala,house,3,3,3371,90600000.0
Battaramulla,house,3,4,4056,109400000.0
Colombo,house,4,2,4325,160100000.0
Galle,house,1,2,2642,48500000.0
Gampaha,apartment,4,1,4176,83600000.0
Gampaha,apartment,4,5,4263,91300000.0
Gampaha,apartment,5,2,1553,38800000.0
Nugegoda,apartment,2,2,4266,125400000.0
Negombo,house,3,1,1704,37500000.0
Kurunegala,house,1,2,3311,41600000.0
Dehiwala,apartment,2,2,1133,39200000.0
Galle,house,3,2,4738,88700000.0
Battaramulla,apartment,2,3,1724,57400000.0
Gampaha,land,0,0,4940,53200000.0
Colombo,house,1,1,3331,113500000.0
Nugegoda,apartment,5,4,3941,124600000.0
Negombo,house,3,4,4949,99200000.0
Rajagiriya,apartment,3,1,1955,72700000.0
Negombo,house,4,4,1048,30100000.0
Kurunegala,house,3,3,4476,60000000.0
Colombo,land,0,0,3964,99900000.0
Nugegoda,house,2,1,1741,43200000.0
Gampaha,apartment,3,2,4176,85200000.0
Nugegoda,apartment,2,3,3334,93800000.0
Dehiwala,house,2,1,3008,82100000.0
Rajagiriya,house,5,3,4384,132500000.0
Rajagiriya,apartment,1,2,4289,154100000.0
Rajagiriya,house,2,3,1848,55800000.0
Nugegoda,house,3,3,3654,92900000.0
Kurunegala,house,1,2,2428,31700000.0
Negombo,house,1,1,3227,58600000.0
Battaramulla,apartment,1,1,956,31000000.0
Negombo,apartment,3,4,4005,99300000.0
Rajagiriya,house,2,2,2360,71700000.0
Kandy,house,4,5,3137,63500000.0
Gampaha,house,3,3,1693,32500000.0
Gampaha,house,1,1,3009,46300000.0
Colombo,apartment,1,2,1980,89700000.0
Battaramulla,house,5,4,4606,126300000.0
Dehiwala,house,2,2,1844,49600000.0
Rajagiriya,house,2,2,3525,99600000.0
Battaramulla,house,4,3,2790,79500000.0
Kandy,house,3,2,941,21100000.0
Kandy,house,4,1,1386,28600000.0
Battaramulla,house,4,2,3180,88400000.0
Kandy,house,2,3,4856,84200000.0
Nugegoda,house,2,2,2693,67800000.0
Gampaha,house,2,1,2903,46500000.0
Rajagiriya,house,5,1,1437,49000000.0
Kandy,apartment,2,3,2276,51400000.0
Colombo,apartment,4,2,4552,199600000.0
Galle,house,4,3,976,26400000.0
Gampaha,apartment,3,1,3627,73600000.0
Colombo,apartment,3,1,2631,120300000.0
Negombo,house,1,1,2445,45500000.0
Negombo,apartment,5,6,2416,63600000.0
Rajagiriya,land,0,0,7855,154900000.0
Galle,apartment,3,2,1448,35500000.0
Nugegoda,house,1,1,3084,71400000.0
Kurunegala,house,4,5,3436,52800000.0
Colombo,apartment,5,1,2723,120000000.0
Colombo,house,1,2,3879,135600000.0
Gampaha,house,3,2,1884,36200000.0
Gampaha,house,4,1,2474,42600000.0
Rajagiriya,apartment,1,2,1620,60500000.0
Rajagiriya,house,2,1,2397,70000000.0
Kandy,house,1,2,3511,61300000.0
Nugegoda,house,4,1,2598,66300000.0
Negombo,land,0,0,3786,48900000.0
Galle,house,4,1,4058,73000000.0
Galle,house,3,2,2094,42600000.0
Kurunegala,house,3,3,2254,33600000.0
Nugegoda,house,2,2,1242,34700000.0
Negombo,house,1,1,2936,54200000.0
Nugegoda,land,0,0,2874,46900000.0
Colombo,apartment,4,2,2323,110300000.0
Dehiwala,house,2,1,4497,121800000.0
Battaramulla,apartment,1,1,2001,60900000.0
Dehiwala,house,3,2,2711,73100000.0
Kandy,house,4,2,4755,80400000.0
Galle,house,4,5,1286,34200000.0
Dehiwala,house,2,1,2055,56200000.0
Kandy,house,3,4,1778,35500000.0
Colombo,house,4,1,4514,160900000.0
Rajagiriya,apartment,2,3,4932,168300000.0
Colombo,house,2,2,4720,167500000.0
Galle,apartment,4,5,2794,68200000.0
Negombo,apartment,2,2,3675,85200000.0
Galle,house,1,2,2867,54300000.0
Gampaha,apartment,2,1,4809,93900000.0
Kandy,apartment,3,4,2935,63700000.0
Colombo,house,3,1,2802,99400000.0
Nugegoda,house,3,1,4682,110100000.0
Rajagiriya,apartment,4,3,2761,99000000.0
Gampaha,house,3,4,1481,32200000.0
Galle,house,2,1,2469,45300000.0
Gampaha,house,1,2,1646,28100000.0
Kandy,land,0,0,3432,37500000.0
Kurunegala,house,5,1,4867,66800000.0
Kandy,house,1,1,2787,45700000.0
Colombo,apartment,5,6,2012,94500000.0
Negombo,apartment,5,1,3212,76300000.0
Dehiwala,house,5,6,1156,42500000.0
Kurunegala,land,0,0,1985,16500000.0
Negombo,apartment,2,2,2161,52000000.0
Gampaha,house,3,3,1753,34400000.0
Dehiwala,house,4,3,2841,82500000.0
Colombo,apartment,2,1,3152,134400000.0
Negombo,apartment,5,6,4657,114700000.0
Battaramulla,house,4,5,1507,46300000.0
Galle,house,2,3,4325,79200000.0
Gampaha,apartment,1,2,4816,86500000.0
Negombo,house,5,5,3530,75300000.0
Rajagiriya,apartment,5,5,3147,118700000.0
Kurunegala,house,4,4,3914,59300000.0
Kurunegala,apartment,2,1,2514,41800000.0
Negombo,house,3,3,3927,74300000.0
Colombo,apartment,4,1,1558,70300000.0
Negombo,apartment,3,2,1966,48500000.0
Gampaha,house,3,2,2873,50400000.0
Colombo,house,3,1,1590,59200000.0
Dehiwala,apartment,5,4,4875,162100000.0
Rajagiriya,house,1,2,1467,45600000.0
Kurunegala,house,1,1,2107,26800000.0
Rajagiriya,house,3,3,2370,76300000.0
Gampaha,house,2,1,1727,28600000.0
Colombo,house,3,1,936,38600000.0
Negombo,apartment,3,3,988,27500000.0
Battaramulla,land,0,0,7785,125100000.0
Kandy,land,0,0,2902,32500000.0
Kandy,house,5,6,4376,86100000.0
Colombo,house,5,5,839,40200000.0
Negombo,house,4,5,1675,40200000.0
Kurunegala,apartment,4,4,2154,40800000.0
Dehiwala,house,4,3,3842,108300000.0
Gampaha,house,4,1,1937,35700000.0
Rajagiriya,house,4,5,2560,84300000.0
Negombo,house,4,4,1681,38700000.0
Dehiwala,house,4,1,897,29900000.0
Battaramulla,house,5,4,2628,76300000.0
Nugegoda,house,4,5,4121,101400000.0
Kurunegala,house,4,3,1239,24600000.0
Dehiwala,house,5,3,2380,69800000.0
Rajagiriya,house,2,2,3113,93700000.0
Gampaha,land,0,0,4178,42900000.0
Gampaha,house,2,3,1055,21300000.0
Colombo,apartment,4,1,4809,214800000.0
Gampaha,house,4,4,3328,57700000.0
Kandy,house,3,1,761,17100000.0
Colombo,land,0,0,8984,224100000.0
Negombo,house,4,1,1193,29700000.0
Colombo,apartment,1,2,1303,56800000.0
Negombo,house,1,2,3160,58000000.0
Rajagiriya,house,1,2,2631,73400000.0
Galle,house,4,4,4229,81800000.0
Rajagiriya,apartment,2,1,1276,48700000.0
Battaramulla,house,5,2,3419,87800000.0
Rajagiriya,house,2,2,4881,148600000.0
Negombo,house,5,4,3526,73500000.0
Battaramulla,apartment,3,3,1229,44000000.0
Nugegoda,apartment,3,2,4564,126100000.0
Negombo,apartment,1,1,3963,84800000.0
Colombo,apartment,4,2,2906,135200000.0
Gampaha,apartment,3,2,4888,89800000.0
Dehiwala,house,3,2,2987,81500000.0
Kandy,apartment,4,3,1075,30600000.0
Negombo,apartment,5,4,3528,85400000.0
Gampaha,house,4,3,4828,85300000.0
Negombo,apartment,3,4,2331,58600000.0
Kurunegala,house,1,1,4746,61600000.0
Kandy,house,3,1,3506,62100000.0
Battaramulla,apartment,1,1,992,31100000.0
Negombo,house,3,1,4262,80400000.0
Battaramulla,house,5,6,3008,83300000.0
Kandy,land,0,0,4823,52800000.0
Gampaha,house,4,1,3549,57900000.0
Gampaha,house,2,2,3603,59200000.0
Dehiwala,apartment,4,1,1993,69400000.0
Kandy,house,4,3,4138,78900000.0
Kurunegala,apartment,4,3,4384,75100000.0
Nugegoda,house,1,1,1350,34700000.0
Negombo,house,4,3,1115,28500000.0
Negombo,house,5,2,1496,38100000.0
Kurunegala,apartment,5,3,3579,59900000.0
Colombo,house,4,5,1696,66800000.0
Nugegoda,house,4,2,3908,97100000.0
Gampaha,apartment,2,1,1942,37700000.0
Galle,apartment,5,2,1422,37100000.0
Nugegoda,apartment,4,1,1393,44100000.0
Kurunegala,house,2,1,4586,57600000.0
Battaramulla,house,3,3,2619,67900000.0
Dehiwala,house,3,3,4372,121900000.0
Kurunegala,house,1,2,2051,28000000.0
Battaramulla,apartment,5,5,1006,40700000.0
Kurunegala,land,0,0,7533,64700000.0
Kandy,apartment,3,1,4735,97200000.0
Nugegoda,house,2,1,2297,59400000.0
Gampaha,land,0,0,1404,14000000.0
Colombo,house,5,2,4706,167500000.0
Rajagiriya,house,3,2,2521,79000000.0
Kurunegala,house,3,3,1640,27400000.0
Colombo,house,2,3,2931,108200000.0
Gampaha,house,3,4,4731,76800000.0
Dehiwala,apartment,1,2,4483,131900000.0
Gampaha,apartment,5,3,2103,48600000.0
Kurunegala,house,5,3,2652,40800000.0
Kurunegala,house,3,2,3420,49200000.0
Dehiwala,apartment,2,3,2464,76400000.0
Kandy,house,5,3,4317,77200000.0
Nugegoda,house,2,1,2563,63200000.0
Nugegoda,house,2,3,1981,53300000.0
Kandy,house,2,1,4286,74700000.0
Galle,house,3,2,2200,41900000.0
Rajagiriya,apartment,1,2,2976,101700000.0
Galle,house,4,4,3278,62600000.0
Galle,house,3,2,1653,34800000.0
Kandy,house,5,5,4993,89400000.0
Rajagiriya,apartment,5,2,2604,99700000.0
Rajagiriya,apartment,3,3,4880,168500000.0
Kurunegala,apartment,5,4,2501,47000000.0
Dehiwala,apartment,3,2,4553,141900000.0
Colombo,apartment,3,4,3050,132200000.0
Nugegoda,apartment,2,3,1941,59900000.0
Gampaha,house,4,3,1434,29400000.0
Gampaha,land,0,0,5180,54000000.0
Nugegoda,land,0,0,5758,90900000.0
Gampaha,house,5,3,4479,78300000.0
Colombo,apartment,3,1,3737,157700000.0
Dehiwala,apartment,3,2,1823,58400000.0
Negombo,house,5,5,3330,74100000.0
Colombo,house,5,6,2377,97700000.0
Galle,house,2,2,1046,22800000.0
Galle,house,5,3,2427,49700000.0
Dehiwala,house,3,1,4485,112100000.0
Colombo,house,5,3,3499,134900000.0
Galle,house,4,3,4303,85400000.0
Rajagiriya,apartment,3,1,3638,128700000.0
Dehiwala,house,4,2,1094,35500000.0
Negombo,house,1,2,2264,42400000.0
Kurunegala,apartment,1,2,1023,17800000.0
Battaramulla,house,4,1,3418,91700000.0
Battaramulla,house,3,1,4082,104100000.0
Rajagiriya,apartment,5,5,4010,144100000.0
Kandy,apartment,1,2,1890,37800000.0
Nugegoda,house,5,4,4089,104000000.0
Kandy,house,2,2,1321,25400000.0
Kandy,apartment,5,5,4027,88700000.0
Nugegoda,apartment,1,1,1537,44400000.0
Colombo,house,1,1,3668,132600000.0
Gampaha,house,2,3,3683,60100000.0
Nugegoda,house,3,4,2240,60200000.0
Kandy,apartment,1,2,3667,75000000.0
Dehiwala,apartment,3,4,4543,142100000.0
Battaramulla,house,1,1,2970,76400000.0
Kurunegala,apartment,1,2,1663,28700000.0
Galle,house,3,2,4204,75000000.0
Rajagiriya,house,3,2,1437,45900000.0
Kandy,house,3,4,2561,48400000.0
Negombo,apartment,1,1,4718,105400000.0
Kandy,apartment,4,3,1128,31100000.0
Kandy,apartment,1,1,1213,26700000.0
Gampaha,house,3,2,1439,27800000.0
Nugegoda,house,1,1,4253,103600000.0
Dehiwala,apartment,3,4,1196,45300000.0
Colombo,house,4,2,1823,70400000.0
Rajagiriya,house,3,3,3044,90600000.0
Dehiwala,apartment,5,1,1733,63400000.0
Battaramulla,house,1,2,4924,119900000.0
Galle,house,2,2,2740,53500000.0
Galle,house,3,2,4389,81400000.0
Battaramulla,house,5,6,4306,120600000.0
Kurunegala,apartment,3,1,1191,21600000.0
Battaramulla,house,2,2,3390,90600000.0
Nugegoda,house,3,1,3986,94300000.0
Nugegoda,apartment,2,1,3409,98200000.0
Negombo,apartment,5,6,3048,75900000.0
Rajagiriya,apartment,1,1,965,34300000.0
Rajagiriya,house,3,4,2958,93300000.0
Galle,apartment,4,2,3671,81000000.0
Colombo,house,2,2,3770,140200000.0
Gampaha,apartment,1,1,1668,33100000.0
Kurunegala,house,4,3,2868,43300000.0
Kurunegala,house,2,1,4638,61800000.0
Nugegoda,house,1,1,2617,65500000.0
Kandy,apartment,4,3,4755,105200000.0
Negombo,house,3,2,4518,86000000.0
Dehiwala,house,5,6,4033,117800000.0
Dehiwala,house,2,1,2909,78300000.0
Kurunegala,house,1,1,1883,26100000.0
Dehiwala,apartment,3,1,2255,76100000.0
Colombo,apartment,5,6,2706,123000000.0
Colombo,house,5,4,810,39800000.0
Kurunegala,house,1,2,1335,19500000.0
Colombo,apartment,4,5,4148,185300000.0
Rajagiriya,house,4,3,751,29000000.0
Colombo,house,1,2,878,33100000.0
Nugegoda,house,3,2,1651,44100000.0
Gampaha,land,0,0,7604,83500000.0
Kurunegala,apartment,4,5,1316,29600000.0
Galle,apartment,2,3,1555,37300000.0
Kurunegala,apartment,3,3,3210,51800000.0
Galle,house,3,2,2829,55700000.0
Gampaha,apartment,5,6,1953,49300000.0
Gampaha,apartment,2,2,1419,31500000.0
Colombo,house,3,3,4828,172900000.0
Kandy,house,3,4,4653,82700000.0
Rajagiriya,house,4,2,2810,85300000.0
Gampaha,house,2,1,2871,48100000.0
Nugegoda,house,5,6,3026,86000000.0
Galle,house,1,2,4962,88500000.0
Kandy,apartment,5,5,1674,44900000.0
Colombo,house,4,5,1306,55700000.0
Galle,apartment,5,4,4026,91400000.0
Nugegoda,apartment,2,2,1927,57300000.0
Colombo,house,5,3,3607,137500000.0
Colombo,house,3,3,1415,56200000.0
Battaramulla,apartment,4,5,1902,62800000.0
Kurunegala,house,2,1,3955,52200000.0
Gampaha,apartment,3,2,4935,96200000.0
Colombo,apartment,5,4,3760,177300000.0
Kurunegala,land,0,0,1397,12100000.0
Colombo,apartment,4,1,4411,187500000.0
Rajagiriya,apartment,5,4,2709,97800000.0
Galle,house,5,1,2049,44300000.0
Dehiwala,house,2,2,3581,92700000.0
Negombo,house,4,2,1273,32000000.0
Negombo,house,3,4,2547,52800000.0
Nugegoda,house,3,1,892,25800000.0
Kurunegala,apartment,5,5,1782,38700000.0
Negombo,house,5,5,1638,42200000.0
Kandy,land,0,0,3940,43800000.0
Gampaha,apartment,4,4,2916,61000000.0
Galle,apartment,1,1,1712,36700000.0
Dehiwala,house,4,2,1615,47800000.0
Negombo,apartment,2,1,768,21500000.0
Colombo,apartment,5,3,4088,184400000.0
Galle,house,2,3,3433,64500000.0
Kurunegala,apartment,4,5,1623,34200000.0
Negombo,apartment,5,4,2079,54000000.0
Battaramulla,land,0,0,6413,102700000.0
Negombo,house,2,2,2430,49300000.0
Negombo,house,2,1,819,19000000.0
Gampaha,house,3,2,3529,57100000.0
Kurunegala,house,1,2,4615,58700000.0
Gampaha,house,4,5,3373,61900000.0
Colombo,apartment,2,3,3026,127000000.0
Dehiwala,apartment,5,6,3419,114300000.0
Kandy,house,4,5,1092,29200000.0
Rajagiriya,land,0,0,4235,83100000.0
Kandy,house,2,3,1703,34100000.0
Negombo,house,4,2,2677,54300000.0
Nugegoda,house,5,3,2570,67700000.0
Kandy,house,2,3,4409,79700000.0
Rajagiriya,house,4,2,3909,115600000.0
Gampaha,house,4,1,3341,55200000.0
Nugegoda,house,4,5,1404,42000000.0
Gampaha,apartment,3,3,4573,86700000.0
Negombo,house,3,4,4871,100500000.0
Gampaha,house,5,5,1758,40800000.0
Kandy,house,3,4,1739,37300000.0
Battaramulla,apartment,5,2,1005,39900000.0
Galle,house,4,4,4133,77200000.0
Rajagiriya,land,0,0,2868,55900000.0
Kurunegala,house,2,2,3633,49200000.0
Gampaha,apartment,5,3,4407,85600000.0
Negombo,house,5,3,3319,68900000.0
Battaramulla,land,0,0,9167,151500000.0
Gampaha,house,4,5,3760,68300000.0
Nugegoda,house,3,2,3884,97300000.0
Rajagiriya,apartment,4,5,1183,52000000.0
Kurunegala,land,0,0,8795,72400000.0
Kurunegala,house,2,1,3165,43900000.0
Kandy,house,2,2,1668,31400000.0
Colombo,house,4,2,4382,164500000.0
Gampaha,apartment,3,3,4772,97200000.0
Kurunegala,house,5,3,4241,63000000.0
Colombo,house,1,2,1337,50500000.0
Kandy,apartment,4,2,4676,94400000.0
Battaramulla,house,4,5,2748,77000000.0
Nugegoda,apartment,5,2,4907,145100000.0
Battaramulla,apartment,5,4,4582,138700000.0
Battaramulla,house,2,1,4900,127500000.0
Kurunegala,house,5,2,2131,34600000.0
Dehiwala,house,1,2,1630,43300000.0
Nugegoda,apartment,1,1,1918,57000000.0
Galle,house,4,5,4117,80400000.0
Dehiwala,apartment,1,1,1195,38100000.0
Colombo,land,0,0,7238,184200000.0
Colombo,apartment,3,1,841,42600000.0
Kandy,land,0,0,4443,49500000.0
Negombo,apartment,5,5,4864,116400000.0
Colombo,house,2,1,1301,47800000.0
Negombo,house,4,4,3481,69700000.0
Nugegoda,house,3,1,2998,70800000.0
Rajagiriya,land,0,0,9695,182300000.0
Kurunegala,land,0,0,3376,27000000.0
Rajagiriya,house,4,3,2302,71300000.0
Rajagiriya,house,3,3,1854,61700000.0
Kandy,house,1,1,953,18400000.0
Galle,house,5,2,2711,58300000.0
Rajagiriya,house,3,3,958,35700000.0
Galle,apartment,4,5,1168,35100000.0
Dehiwala,house,4,1,3522,92400000.0
Colombo,house,3,3,4948,180900000.0
Rajagiriya,apartment,3,4,1428,58600000.0
Rajagiriya,apartment,2,3,2175,76200000.0
Galle,apartment,3,3,3186,72600000.0
Battaramulla,apartment,1,2,2991,89900000.0
Negombo,house,4,5,3475,70700000.0
Kandy,house,1,1,3607,59100000.0
Gampaha,house,2,3,2814,47000000.0
Galle,apartment,4,3,2772,66700000.0
Negombo,house,5,2,4000,79100000.0
Negombo,apartment,2,3,3011,72300000.0
Dehiwala,house,4,5,1437,45600000.0
Kandy,apartment,2,3,1074,27200000.0
Galle,house,3,1,3333,64400000.0
Kandy,land,0,0,5354,59600000.0
Nugegoda,house,3,3,3877,96700000.0
Kandy,house,5,3,2517,49400000.0
Colombo,apartment,1,1,815,36100000.0
Kurunegala,house,3,3,1584,26000000.0
Kurunegala,land,0,0,2036,16600000.0
Nugegoda,house,5,2,4707,118600000.0
Dehiwala,house,5,2,1272,42200000.0
Nugegoda,house,2,2,4533,104100000.0
Gampaha,house,1,1,3329,51500000.0
Rajagiriya,house,4,1,3123,96400000.0
Negombo,house,4,1,4156,83000000.0
Kandy,house,4,1,4611,83300000.0
Nugegoda,house,5,5,4576,115300000.0
Kurunegala,house,3,4,831,18000000.0
Negombo,house,2,2,3147,62700000.0
Nugegoda,apartment,5,5,3457,109300000.0
Kurunegala,apartment,2,3,2332,38600000.0
Negombo,house,4,2,4386,89900000.0
Kurunegala,house,3,1,1098,19300000.0
Kurunegala,house,4,3,4874,70400000.0
Colombo,land,0,0,6322,158400000.0
Nugegoda,house,2,3,4792,118300000.0
Colombo,house,3,3,4233,163200000.0
Galle,apartment,4,3,3500,79300000.0
Rajagiriya,house,5,2,1330,48400000.0
Rajagiriya,house,5,2,3935,117400000.0
Negombo,land,0,0,4566,60300000.0
Colombo,land,0,0,6820,171300000.0
Kurunegala,apartment,4,2,2357,41300000.0
Colombo,house,3,4,1274,52800000.0
Gampaha,house,2,2,2952,50900000.0
Kurunegala,house,1,1,3573,45100000.0
Gampaha,house,5,3,2732,49000000.0
Kandy,house,2,2,2828,50900000.0
Galle,house,2,2,4625,81000000.0
Negombo,house,1,2,1597,32300000.0
Negombo,house,5,1,4070,82500000.0
Kandy,land,0,0,2564,29400000.0
Kandy,apartment,5,2,4468,97100000.0
Galle,house,2,1,3720,70400000.0
Kurunegala,house,1,2,816,13400000.0
Kurunegala,apartment,2,2,4420,70800000.0
Negombo,apartment,4,1,4782,108200000.0
Colombo,house,5,6,4950,180500000.0
Gampaha,house,4,5,3642,63700000.0
Kurunegala,apartment,4,4,4821,76600000.0
Colombo,house,1,2,3502,129300000.0
Dehiwala,land,0,0,6956,120600000.0
Kurunegala,house,2,3,1046,18300000.0
Gampaha,apartment,3,4,2846,62100000.0
Nugegoda,land,0,0,8169,136900000.0
Gampaha,house,4,2,1425,28500000.0
Colombo,house,3,4,2833,103800000.0
Galle,house,3,1,4146,73300000.0
Negombo,house,5,4,2865,65700000.0
Nugegoda,house,1,2,2307,55000000.0
Battaramulla,apartment,5,6,1351,52200000.0
Dehiwala,apartment,1,1,987,32000000.0
Colombo,land,0,0,7073,168800000.0
Battaramulla,house,1,1,4415,107200000.0
Gampaha,house,4,3,4210,74000000.0
Kurunegala,house,3,1,1111,19300000.0
Colombo,house,2,1,1802,68000000.0
Galle,house,2,1,4682,81900000.0
Rajagiriya,house,4,3,2043,69400000.0
Rajagiriya,house,5,2,2305,76400000.0
Galle,apartment,5,4,1636,45600000.0
Battaramulla,land,0,0,8265,142900000.0
Negombo,land,0,0,5652,74500000.0
Colombo,house,2,1,3494,123300000.0
Galle,house,3,2,2310,46700000.0
Gampaha,land,0,0,1470,15100000.0
Negombo,house,4,2,3149,64700000.0
Nugegoda,house,4,2,1517,45000000.0
Galle,apartment,3,1,2288,52000000.0
Kandy,house,3,4,3607,68300000.0
Battaramulla,apartment,2,2,3455,100800000.0
Kandy,house,4,5,2763,53600000.0
Kandy,apartment,1,1,2048,41400000.0
Kandy,apartment,3,4,2823,62300000.0
Dehiwala,house,2,1,1116,33400000.0
Gampaha,house,4,5,2903,55200000.0
Nugegoda,house,5,6,3772,103900000.0
Colombo,house,1,1,4863,167600000.0
Kurunegala,house,1,2,2461,33000000.0
Negombo,house,2,2,855,20800000.0
Galle,house,2,1,2532,45700000.0
Kurunegala,land,0,0,5869,49200000.0
Dehiwala,apartment,3,3,1693,57600000.0
Rajagiriya,land,0,0,7376,140000000.0
Gampaha,house,4,2,975,23100000.0
Rajagiriya,house,3,3,3429,107200000.0
Gampaha,house,1,1,3120,49000000.0
Galle,house,5,3,870,25800000.0
Nugegoda,land,0,0,4675,76100000.0
Rajagiriya,house,1,2,2066,59800000.0
Kandy,house,4,3,2276,46800000.0
Dehiwala,apartment,4,2,2774,86800000.0
Kurunegala,house,3,2,4485,57300000.0
Negombo,apartment,2,1,1968,47200000.0
Galle,house,5,3,4735,89800000.0
Gampaha,house,1,1,3812,61300000.0
Battaramulla,house,1,1,3303,85300000.0
Gampaha,apartment,5,1,1858,43800000.0
Dehiwala,house,2,3,1422,40600000.0
Nugegoda,land,0,0,9123,140200000.0
Gampaha,house,1,1,3536,53000000.0
Nugegoda,apartment,5,4,1690,60500000.0
Battaramulla,house,4,2,2310,63500000.0
Kurunegala,house,1,1,3534,45100000.0
Nugegoda,apartment,4,1,3168,95800000.0
Nugegoda,house,5,1,3184,82700000.0
Battaramulla,house,1,2,3013,76200000.0
Rajagiriya,house,5,5,1300,51200000.0
Kandy,house,4,1,3487,63600000.0
Rajagiriya,apartment,1,1,4151,147300000.0
Colombo,house,4,2,4905,175900000.0
Dehiwala,house,2,1,4484,120200000.0
Colombo,house,5,1,2854,106900000.0
Kurunegala,house,4,3,3263,48100000.0
Colombo,apartment,2,1,1678,77700000.0
Negombo,house,3,2,1744,38300000.0
Rajagiriya,house,4,2,1608,54500000.0
Colombo,house,3,2,2813,105500000.0
Dehiwala,house,2,3,3025,79800000.0
Galle,house,3,4,1839,38100000.0
Nugegoda,house,3,4,4948,120300000.0
Colombo,land,0,0,3860,96900000.0
Kurunegala,apartment,2,2,4532,69200000.0
Kurunegala,house,3,3,3415,47400000.0
Kandy,house,2,1,4680,77900000.0
Battaramulla,house,2,1,2567,65600000.0
Dehiwala,land,0,0,6993,122700000.0
Nugegoda,house,3,3,4620,117900000.0
Gampaha,house,3,4,4348,72100000.0
Nugegoda,house,5,2,4440,106900000.0
Rajagiriya,apartment,4,4,963,44200000.0
Gampaha,apartment,3,3,3721,73400000.0
Kandy,apartment,5,2,3236,68700000.0
Negombo,house,1,1,2476,47900000.0
Dehiwala,house,4,3,1044,34100000.0
Kurunegala,apartment,3,4,1859,35200000.0
Battaramulla,house,2,3,1914,54000000.0
Kandy,house,3,3,4946,87900000.0
Rajagiriya,house,3,1,3646,111200000.0
Rajagiriya,apartment,3,4,3833,133100000.0
Rajagiriya,apartment,5,1,3444,119400000.0
Colombo,house,3,4,4083,147700000.0
Kandy,apartment,2,3,1724,39900000.0
Negombo,house,2,1,2136,40600000.0
Gampaha,house,2,3,2913,51900000.0
Rajagiriya,house,4,2,2915,86200000.0
Kandy,house,4,5,1742,40100000.0
Kandy,house,2,1,3828,66600000.0
Gampaha,house,4,5,4465,74600000.0
Galle,house,4,5,4556,87400000.0
Kurunegala,apartment,4,3,1621,33500000.0
Gampaha,apartment,2,2,2855,56400000.0
Dehiwala,apartment,5,2,1542,57000000.0
Galle,house,3,4,1964,41400000.0
Dehiwala,apartment,5,3,4828,163000000.0
Kurunegala,house,3,1,854,15700000.0
Rajagiriya,house,3,3,4042,126000000.0
Rajagiriya,land,0,0,8937,174300000.0
Kurunegala,house,5,6,2638,46700000.0
Kandy,apartment,3,1,1259,29900000.0
Nugegoda,house,1,2,4982,113900000.0
Dehiwala,land,0,0,8630,148300000.0
Battaramulla,apartment,3,4,1451,48200000.0
Kandy,house,3,4,1556,33300000.0
Colombo,house,5,3,1097,48200000.0
Colombo,apartment,4,5,2574,124300000.0
Nugegoda,house,5,2,4595,116500000.0
Galle,house,4,1,2165,42500000.0
Colombo,house,3,4,1670,65200000.0
Galle,apartment,4,5,3015,69600000.0
Kandy,house,4,5,1547,36300000.0
Dehiwala,apartment,3,3,4468,138300000.0
Kandy,house,5,3,1145,27400000.0
Gampaha,apartment,2,1,3030,61000000.0
Gampaha,house,1,2,3212,51400000.0
Kandy,house,4,2,2486,46300000.0
Galle,house,5,5,1804,45100000.0
Kurunegala,apartment,5,5,1417,33500000.0
Dehiwala,house,3,2,1882,52300000.0
Gampaha,house,1,2,3400,55200000.0
Colombo,land,0,0,9047,223000000.0
Kandy,house,2,1,3432,60700000.0
Rajagiriya,apartment,1,2,3173,108200000.0
Negombo,house,5,1,2375,49800000.0
Gampaha,house,1,1,4759,76700000.0
Galle,apartment,2,3,4961,102500000.0
Negombo,house,1,2,4786,93700000.0
Kandy,apartment,2,2,2776,56900000.0
Galle,house,4,3,2689,55000000.0
Galle,land,0,0,3268,39000000.0
Negombo,house,3,4,3488,69100000.0
Nugegoda,house,3,2,1877,49300000.0
Negombo,apartment,2,3,1639,41100000.0
Gampaha,land,0,0,9101,97300000.0
Colombo,house,4,1,1576,60700000.0
Battaramulla,apartment,5,4,4651,151800000.0
Battaramulla,apartment,2,3,1587,54100000.0
Rajagiriya,apartment,1,2,1621,58100000.0
Nugegoda,apartment,3,2,2978,89800000.0
Dehiwala,land,0,0,5879,102800000.0
Rajagiriya,house,3,3,2285,73000000.0
Kurunegala,apartment,1,1,4497,66900000.0
Battaramulla,house,1,1,3436,85200000.0
Gampaha,house,2,3,4150,65400000.0
Battaramulla,apartment,1,1,2308,67900000.0
Nugegoda,house,1,2,2228,52500000.0
Rajagiriya,house,1,1,2319,65600000.0
Rajagiriya,land,0,0,8756,178600000.0
Nugegoda,house,3,3,4435,108000000.0
Nugegoda,house,3,4,4787,112800000.0
Gampaha,land,0,0,5050,53900000.0
Gampaha,apartment,4,2,2099,47200000.0
Nugegoda,house,1,1,4558,108000000.0
Dehiwala,house,2,3,1230,36100000.0
Nugegoda,house,4,3,3263,80100000.0
Colombo,house,5,4,1347,59300000.0
Rajagiriya,house,5,4,2449,82600000.0
Nugegoda,house,5,1,1415,41300000.0
Battaramulla,house,4,1,898,29900000.0
Kandy,house,4,3,4294,79000000.0
Rajagiriya,apartment,4,2,4799,168200000.0
Colombo,house,1,1,1338,50800000.0
Kandy,apartment,3,3,4190,90100000.0
Colombo,house,5,1,2625,97500000.0
Galle,house,2,2,3160,60600000.0
Battaramulla,land,0,0,3934,68500000.0
Kurunegala,apartment,5,6,3187,59600000.0
Galle,house,5,2,4789,93000000.0
Negombo,house,3,2,4014,81300000.0
Battaramulla,house,3,4,3991,106800000.0
Gampaha,house,4,1,3967,69500000.0
Kandy,house,5,1,4599,81700000.0
Negombo,house,3,3,4144,78700000.0
Battaramulla,apartment,1,2,3807,108500000.0
Rajagiriya,house,1,2,1263,37900000.0
Rajagiriya,house,2,1,1838,55900000.0
Colombo,apartment,5,4,2946,138700000.0
Negombo,house,1,2,1614,33000000.0
Battaramulla,house,4,5,1981,59300000.0
Kandy,apartment,2,2,2523,55400000.0
Dehiwala,house,5,5,2697,81400000.0
Dehiwala,house,3,2,4683,120900000.0
Kurunegala,apartment,3,1,805,17300000.0
Kurunegala,house,4,3,4214,59000000.0
Colombo,apartment,4,5,2665,127900000.0
Battaramulla,house,2,2,1048,28700000.0
Negombo,house,5,1,1120,27400000.0
Dehiwala,apartment,5,1,3011,97200000.0
Colombo,apartment,4,4,1855,83600000.0
Kurunegala,house,4,5,3441,53400000.0
Rajagiriya,apartment,2,1,2240,81600000.0
Dehiwala,apartment,5,2,1582,59100000.0
Galle,house,3,1,2279,44500000.0
Galle,house,4,1,3784,73700000.0
Gampaha,land,0,0,3107,31200000.0
Colombo,house,5,2,3883,151300000.0
Battaramulla,house,2,1,4029,97300000.0
Dehiwala,house,2,1,1879,49100000.0
Colombo,house,1,1,3697,128900000.0
Battaramulla,apartment,1,2,4955,151300000.0
Rajagiriya,house,2,2,2625,77700000.0
Colombo,apartment,1,2,3532,159400000.0
Colombo,house,5,6,4472,172200000.0
Dehiwala,house,1,1,1666,44400000.0
Rajagiriya,apartment,1,1,3841,135600000.0
Rajagiriya,house,4,4,1639,57900000.0
Galle,apartment,4,2,1551,41500000.0
Negombo,house,2,2,2317,45400000.0
Colombo,house,2,1,4151,155300000.0
Rajagiriya,house,3,3,1048,38600000.0
Nugegoda,house,2,2,2127,51700000.0
Galle,house,2,3,3889,72200000.0
Negombo,house,2,3,2653,53100000.0
Dehiwala,apartment,1,2,2616,83900000.0
Galle,land,0,0,6247,73400000.0
Kandy,land,0,0,7302,78300000.0
Galle,house,5,1,2479,51000000.0
Dehiwala,house,5,6,3279,98900000.0
Galle,house,2,1,2902,50700000.0
Kurunegala,house,3,2,2935,39700000.0
Negombo,house,1,2,1199,25500000.0
Galle,land,0,0,6393,78600000.0
Rajagiriya,house,2,2,3949,115900000.0
Galle,house,3,4,972,25700000.0
Negombo,house,1,2,3318,63100000.0
Nugegoda,house,3,4,3088,80700000.0
Battaramulla,house,3,4,4757,117700000.0
Nugegoda,apartment,4,4,3894,116100000.0
Galle,apartment,2,2,855,21500000.0
Kurunegala,house,3,1,3898,49900000.0
Nugegoda,house,5,2,4558,114800000.0
Battaramulla,house,1,1,2949,70600000.0
Rajagiriya,house,3,4,2410,78400000.0
Nugegoda,house,3,1,2080,52400000.0
Rajagiriya,house,1,1,3627,103200000.0
Battaramulla,house,1,2,1689,43800000.0
Galle,house,1,1,3887,68600000.0
Colombo,land,0,0,6985,170700000.0
Nugegoda,house,1,2,1021,26600000.0
Battaramulla,apartment,1,2,1904,55900000.0
Battaramulla,house,1,2,759,21400000.0
Colombo,house,3,3,2398,90200000.0
Dehiwala,house,5,3,2908,79000000.0
Battaramulla,house,1,2,4886,118100000.0
Rajagiriya,apartment,3,1,4221,143500000.0
Dehiwala,apartment,1,2,4433,140800000.0
Dehiwala,apartment,5,3,2395,83300000.0
Kandy,house,1,2,2129,37900000.0
Galle,house,3,4,1151,29500000.0
Nugegoda,apartment,1,2,4971,146800000.0
Galle,apartment,1,2,2030,43300000.0
Kandy,apartment,1,1,896,19700000.0
Negombo,house,1,2,763,17300000.0
Kurunegala,land,0,0,2423,19400000.0
Kandy,house,3,4,4719,81100000.0
Dehiwala,house,4,4,1659,49300000.0
Kurunegala,apartment,4,1,3143,53500000.0
Gampaha,house,4,5,1769,36800000.0
Dehiwala,house,3,3,1788,49800000.0
Galle,land,0,0,8195,97100000.0
Kurunegala,house,5,2,4403,59300000.0
Nugegoda,land,0,0,6494,105700000.0
Battaramulla,house,2,1,4317,112700000.0
Nugegoda,land,0,0,6873,112700000.0
Nugegoda,house,4,4,2524,65100000.0
Kurunegala,apartment,5,5,3989,70200000.0
Kandy,house,2,2,3470,57900000.0
Colombo,house,2,3,3263,117600000.0
Kurunegala,house,2,3,1114,19600000.0
Gampaha,apartment,2,3,3600,68200000.0
Battaramulla,house,1,1,4709,120000000.0
Nugegoda,apartment,4,3,3778,117700000.0
Dehiwala,house,4,1,1615,45300000.0
Rajagiriya,apartment,3,1,2765,94000000.0
Kandy,house,4,2,2629,52100000.0
Dehiwala,house,3,2,4506,125000000.0
Kandy,house,4,2,1674,33900000.0
Battaramulla,house,3,3,3567,92000000.0
Colombo,house,3,3,3398,129700000.0
Colombo,house,3,3,1020,45100000.0
Rajagiriya,apartment,2,3,2462,92600000.0
Nugegoda,house,3,3,2535,68700000.0
Rajagiriya,house,5,6,3347,110200000.0
Nugegoda,apartment,4,3,3868,120900000.0
Kurunegala,apartment,5,1,1819,34100000.0
Colombo,house,4,2,4008,145900000.0
Galle,apartment,2,1,2309,52500000.0
Gampaha,house,3,1,3531,59500000.0
Kurunegala,house,4,5,2651,44500000.0
Kurunegala,house,1,2,3420,46700000.0
Nugegoda,house,3,3,4915,124400000.0
Negombo,house,5,3,1631,39700000.0
Kurunegala,house,4,2,3735,52500000.0
Rajagiriya,apartment,5,4,1006,47500000.0
Colombo,house,2,1,2190,80900000.0
Galle,house,1,2,4149,77400000.0
Kandy,apartment,5,6,3590,83600000.0
Kurunegala,land,0,0,3096,26400000.0
Rajagiriya,apartment,1,2,2139,73700000.0
Colombo,apartment,4,4,1726,78600000.0
Kurunegala,house,3,3,3969,52700000.0
Negombo,apartment,2,1,4933,115500000.0
Negombo,house,1,2,4394,80200000.0
Dehiwala,house,2,1,4364,109600000.0
Galle,house,3,1,4650,83300000.0
Kurunegala,apartment,4,3,4957,80500000.0
Negombo,apartment,1,1,4560,100500000.0
Negombo,apartment,3,3,2322,58500000.0
Dehiwala,house,5,2,4710,130600000.0
Kurunegala,house,2,2,3172,44700000.0
Kandy,house,4,4,4248,80700000.0
Colombo,apartment,5,5,1208,61300000.0
Rajagiriya,house,3,2,1943,59700000.0
Colombo,house,3,2,2048,79600000.0
Dehiwala,house,2,1,3396,89600000.0
Rajagiriya,house,1,2,3901,107400000.0
Gampaha,apartment,5,6,4315,91500000.0
Nugegoda,house,3,1,4968,114000000.0
Colombo,house,1,1,4868,172300000.0
Nugegoda,house,3,4,4004,96300000.0
Gampaha,house,5,4,3054,59200000.0
Nugegoda,apartment,3,4,3888,112100000.0
Kurunegala,apartment,5,4,1824,38000000.0
Colombo,apartment,2,3,1751,80900000.0
Rajagiriya,house,5,2,3289,105100000.0
Dehiwala,house,5,1,1738,52700000.0
Battaramulla,house,2,3,3214,81800000.0
Dehiwala,apartment,1,1,1201,39100000.0
Nugegoda,apartment,2,3,4088,123200000.0
Gampaha,apartment,1,2,3882,72100000.0
Colombo,apartment,1,1,4989,213300000.0
Negombo,apartment,3,2,2196,53000000.0
Nugegoda,house,1,2,1614,40600000.0
Kurunegala,house,1,1,2160,27300000.0
Battaramulla,house,4,3,1348,42200000.0
Colombo,apartment,5,3,4148,177500000.0
Negombo,apartment,4,2,2381,56900000.0
Gampaha,house,1,2,3253,51800000.0
Battaramulla,apartment,1,1,2255,65600000.0
Colombo,house,2,1,1038,39100000.0
Nugegoda,house,2,3,3883,93800000.0
Kurunegala,house,2,1,3440,44500000.0
Kurunegala,house,3,4,2245,37000000.0
Dehiwala,apartment,2,1,1647,52100000.0
Nugegoda,house,3,1,1165,32300000.0
Nugegoda,apartment,4,2,3794,111500000.0
Galle,apartment,3,2,4311,96800000.0
Negombo,house,1,2,1457,30700000.0
Dehiwala,house,2,2,1726,48800000.0
Galle,house,5,4,3651,74100000.0
Kandy,house,5,1,1804,37400000.0
Kandy,apartment,1,2,3497,67400000.0
Dehiwala,land,0,0,1544,27700000.0
Battaramulla,house,5,3,3880,105700000.0
Dehiwala,house,1,1,1206,33300000.0
Galle,house,2,1,1896,36600000.0
Negombo,land,0,0,9634,125600000.0
Colombo,house,3,2,4266,153900000.0
Kurunegala,land,0,0,5775,46900000.0
Rajagiriya,house,1,1,1919,58100000.0
Gampaha,house,1,1,4667,71200000.0
Galle,apartment,3,4,2941,65400000.0
Nugegoda,land,0,0,7839,127000000.0
Galle,apartment,1,1,4035,86100000.0
Galle,house,2,1,3994,72600000.0
Rajagiriya,apartment,5,6,3844,148700000.0
Rajagiriya,apartment,3,2,1911,70400000.0
Galle,house,5,5,4548,86400000.0
Colombo,house,2,2,4968,171200000.0
Kandy,apartment,1,2,2892,58900000.0
Gampaha,apartment,5,5,4083,84100000.0
Nugegoda,apartment,5,5,3898,116200000.0
Kandy,house,4,2,4343,79400000.0
Nugegoda,house,3,3,4276,106700000.0
Kandy,apartment,2,3,3294,70100000.0
Kandy,apartment,2,1,4988,96000000.0
Dehiwala,apartment,4,1,2881,95400000.0
Nugegoda,apartment,3,3,1531,50700000.0
Gampaha,house,4,3,3830,63300000.0
Gampaha,house,2,3,4100,65600000.0
Kurunegala,house,5,5,4768,70100000.0
Dehiwala,house,5,2,2323,64800000.0
Colombo,land,0,0,7250,183100000.0
Negombo,house,1,2,3133,62100000.0
Nugegoda,land,0,0,5635,91400000.0
Kandy,apartment,5,2,928,27200000.0
Galle,house,4,4,1962,42500000.0
Colombo,house,4,1,4566,173300000.0
Negombo,house,5,6,3142,72700000.0
Negombo,house,5,3,937,28400000.0
Gampaha,apartment,3,1,2554,52600000.0
Negombo,apartment,1,1,1309,32100000.0
Dehiwala,house,3,1,1434,41400000.0
Rajagiriya,apartment,4,1,3481,117900000.0
Kandy,house,3,2,2170,39300000.0
Colombo,house,5,4,3854,145300000.0
Dehiwala,land,0,0,9168,152400000.0
Negombo,apartment,1,2,1230,28700000.0
Kandy,house,2,1,1948,33800000.0
Nugegoda,land,0,0,6467,107800000.0
Dehiwala,house,1,1,2175,56500000.0
Kandy,house,3,4,1647,36400000.0
Rajagiriya,house,2,2,2768,85400000.0
Dehiwala,house,4,1,2609,69300000.0
Battaramulla,house,4,5,4846,123600000.0
Negombo,apartment,1,2,2491,56800000.0
Dehiwala,house,3,3,1647,49600000.0
Dehiwala,apartment,2,3,4634,138000000.0
Kurunegala,apartment,4,3,4056,64900000.0
Kurunegala,house,5,1,3288,46500000.0
Kurunegala,house,2,1,2469,34100000.0
Negombo,house,4,2,1585,36000000.0
Gampaha,house,3,3,790,19000000.0
Colombo,house,5,2,3165,118900000.0
Battaramulla,house,2,3,3838,98200000.0
Dehiwala,house,3,4,1980,57400000.0
Nugegoda,house,1,1,3344,82200000.0
Negombo,house,5,4,1056,31400000.0
Gampaha,apartment,4,1,992,24400000.0
Galle,apartment,4,3,3859,89800000.0
Colombo,apartment,1,2,1462,66100000.0
Gampaha,house,5,4,2254,45000000.0
Negombo,house,3,1,2833,57200000.0
Rajagiriya,apartment,1,2,2244,79700000.0
Kandy,house,1,1,4972,80800000.0
Negombo,apartment,2,2,3926,87200000.0
Colombo,house,4,5,1243,56100000.0
Dehiwala,house,4,3,1299,43100000.0
Rajagiriya,apartment,3,2,939,39500000.0
Kandy,house,4,5,2585,49900000.0
Kurunegala,land,0,0,2316,20400000.0
Dehiwala,house,3,3,1895,55000000.0
Colombo,land,0,0,1296,32500000.0
Negombo,house,5,3,757,23700000.0
Kurunegala,house,5,3,2037,36100000.0
Galle,apartment,5,4,4335,100500000.0
Rajagiriya,house,3,4,1604,55600000.0
Battaramulla,apartment,2,2,1022,35900000.0
Galle,house,4,4,1672,36700000.0
Battaramulla,apartment,4,3,4973,156400000.0
Rajagiriya,apartment,2,1,3588,128800000.0
Battaramulla,house,1,2,4704,115300000.0
Nugegoda,house,5,6,4697,123300000.0
Kurunegala,apartment,1,1,1282,20100000.0
Rajagiriya,house,2,3,761,26100000.0
Colombo,house,2,2,2556,90700000.0
Colombo,house,3,1,4409,154000000.0
Galle,house,1,2,2604,48700000.0
Colombo,house,4,5,4931,184500000.0
Gampaha,house,4,3,3842,69700000.0
Galle,house,1,2,894,18200000.0
Gampaha,house,2,1,1543,26000000.0
Gampaha,house,2,2,4713,76300000.0
Kurunegala,house,3,1,4777,61000000.0
Battaramulla,apartment,4,3,4942,150100000.0
Negombo,house,4,5,1994,49100000.0
Kandy,land,0,0,2843,31600000.0
Colombo,house,2,2,1081,42400000.0
Kandy,land,0,0,7025,76300000.0
Kurunegala,house,2,1,3615,47400000.0
Negombo,land,0,0,9656,121500000.0
Battaramulla,house,1,2,1152,30100000.0
Galle,apartment,5,5,3789,86300000.0
Kurunegala,apartment,4,3,1142,25600000.0
Negombo,land,0,0,8876,115100000.0
Negombo,house,4,5,1014,29800000.0
Kurunegala,apartment,5,2,3104,51700000.0
Colombo,apartment,3,4,2140,95900000.0
Dehiwala,apartment,4,3,4381,134900000.0
Dehiwala,house,2,2,2705,69900000.0
Nugegoda,house,1,1,1995,47700000.0
Gampaha,apartment,3,1,1192,27300000.0
Rajagiriya,house,3,3,4452,134000000.0
Negombo,land,0,0,1562,19000000.0
Kandy,house,1,1,1866,34000000.0
Kandy,land,0,0,5727,62500000.0
Kurunegala,house,4,1,2079,31400000.0
Kurunegala,house,5,5,4237,63800000.0
Negombo,house,1,2,1938,37900000.0
Nugegoda,apartment,1,2,2286,63700000.0
Rajagiriya,apartment,4,5,2025,80900000.0
Battaramulla,house,3,2,1017,31600000.0
Kurunegala,apartment,2,3,1020,20400000.0
Dehiwala,house,3,3,4931,129800000.0
Battaramulla,house,5,1,3402,86600000.0
Nugegoda,apartment,5,6,1859,62600000.0
Colombo,house,2,1,3196,117800000.0
Nugegoda,apartment,3,3,1552,51800000.0
Rajagiriya,house,4,1,3757,116200000.0
Kandy,house,1,2,1901,32900000.0
Kurunegala,land,0,0,9402,75100000.0
Gampaha,apartment,5,1,4705,91700000.0
Gampaha,house,5,1,1437,29000000.0
Kandy,house,1,1,4468,76800000.0
Gampaha,apartment,3,3,4458,87200000.0
Kurunegala,apartment,4,5,4279,72200000.0
Battaramulla,house,5,5,4586,126700000.0
Kurunegala,apartment,2,2,4630,68200000.0
Kurunegala,house,5,4,4633,68900000.0
Dehiwala,house,3,3,1092,34700000.0
Rajagiriya,apartment,2,2,2919,107500000.0
Dehiwala,apartment,3,2,2265,71200000.0
Battaramulla,house,1,2,3730,89000000.0
Dehiwala,apartment,4,5,789,34500000.0
Negombo,house,5,5,2967,67800000.0
Battaramulla,land,0,0,9650,159500000.0
Nugegoda,apartment,3,4,3261,98200000.0
Nugegoda,apartment,4,2,2171,71100000.0
Battaramulla,apartment,1,2,1587,48500000.0
Galle,house,3,1,2477,49200000.0
Battaramulla,house,5,5,3697,103900000.0
Negombo,land,0,0,9774,118400000.0
Colombo,house,1,1,4944,175000000.0
Rajagiriya,house,3,4,3024,90000000.0
Dehiwala,house,5,3,3486,95300000.0
Negombo,land,0,0,6311,77900000.0
Dehiwala,land,0,0,3924,65900000.0
Dehiwala,apartment,3,1,3933,126000000.0
Negombo,house,5,5,3172,70200000.0
Kurunegala,house,5,4,2164,37200000.0
Rajagiriya,house,3,1,1504,50000000.0
Dehiwala,house,4,2,2796,80000000.0
Galle,house,5,4,1357,36000000.0
Negombo,house,4,3,2664,59700000.0
Colombo,house,3,1,2805,101300000.0
Kandy,house,5,3,2001,40500000.0
Battaramulla,house,3,1,3354,87300000.0
Galle,house,4,1,4469,81400000.0
Colombo,apartment,1,1,2230,100100000.0
Galle,house,1,2,4506,83300000.0
Colombo,house,3,1,2251,80900000.0
Dehiwala,house,1,2,1791,46100000.0
Battaramulla,house,3,1,3815,98600000.0
Negombo,house,4,1,773,21800000.0
Nugegoda,house,5,1,2235,62500000.0
Battaramulla,apartment,1,2,1506,48900000.0
Colombo,land,0,0,7487,184500000.0
Gampaha,house,3,4,1056,23900000.0
Negombo,land,0,0,5341,65000000.0
Negombo,house,5,4,3946,86000000.0
Dehiwala,apartment,2,3,818,29500000.0
Galle,house,3,4,4348,85300000.0
Dehiwala,house,5,5,2228,68500000.0
Kandy,house,4,5,2946,58900000.0
Gampaha,house,3,1,1042,21200000.0
Battaramulla,land,0,0,3593,62600000.0
Kandy,apartment,3,4,3828,80600000.0
Battaramulla,apartment,4,5,2201,77900000.0
Colombo,house,2,3,2481,95400000.0
Galle,house,1,1,4641,81300000.0
Gampaha,house,4,5,3442,62300000.0
Galle,land,0,0,2525,29100000.0
Rajagiriya,house,2,1,2483,74800000.0
Rajagiriya,apartment,1,2,3409,114800000.0
Colombo,apartment,2,1,2610,114100000.0
Dehiwala,apartment,3,2,4081,130200000.0
Nugegoda,house,1,2,4087,101200000.0
Galle,house,3,1,1079,24700000.0
Gampaha,land,0,0,2793,28200000.0
Kandy,land,0,0,7170,80400000.0
Nugegoda,house,4,3,969,31300000.0
Dehiwala,apartment,4,2,845,32600000.0
Kurunegala,house,3,2,2908,40300000.0
Colombo,house,5,6,3416,133800000.0
Dehiwala,house,3,3,839,29400000.0
Nugegoda,house,1,1,847,21600000.0
Gampaha,house,2,1,4216,69000000.0
Kurunegala,house,2,2,2566,35600000.0
Battaramulla,house,2,1,1808,49600000.0
Dehiwala,house,4,3,959,34000000.0
Kurunegala,house,4,2,4900,65600000.0
Kurunegala,house,1,2,2817,39200000.0
Colombo,house,4,3,4081,154100000.0
Gampaha,house,2,1,4121,62700000.0
Colombo,house,3,4,4286,156500000.0
Gampaha,house,4,4,1726,37400000.0
Kurunegala,apartment,1,1,857,14800000.0
Negombo,house,5,2,3161,65000000.0
Kurunegala,apartment,3,2,3796,61300000.0
Nugegoda,land,0,0,6411,101300000.0
Nugegoda,apartment,4,1,3083,95500000.0
Dehiwala,house,4,2,4009,107400000.0
Kandy,apartment,4,1,3892,81600000.0
Rajagiriya,house,5,5,1737,59100000.0
Rajagiriya,apartment,4,1,3558,121500000.0
Rajagiriya,apartment,1,2,3081,111900000.0
Kurunegala,house,1,2,2306,32100000.0
Galle,house,3,2,1154,26900000.0
Nugegoda,house,1,1,2344,56700000.0
Gampaha,apartment,2,1,1334,27400000.0
Kurunegala,apartment,4,2,1290,26800000.0
Kandy,house,2,3,4812,79600000.0
Kurunegala,apartment,1,2,1511,25800000.0
Battaramulla,house,2,3,4031,98900000.0
Dehiwala,house,4,2,3171,88900000.0
Kandy,house,5,1,4629,79700000.0
Gampaha,house,3,2,1851,34700000.0
Colombo,apartment,5,4,4852,216900000.0
Dehiwala,house,2,3,3626,95600000.0
Colombo,house,3,4,4872,170200000.0
Rajagiriya,land,0,0,6055,118700000.0
Nugegoda,apartment,5,1,4177,120600000.0
Galle,house,4,2,2290,49000000.0
Rajagiriya,land,0,0,5756,107900000.0
Colombo,house,1,1,4761,168100000.0
Kandy,house,3,3,2505,45700000.0
Gampaha,house,2,2,4707,78100000.0
Nugegoda,house,3,4,2154,59200000.0
Rajagiriya,land,0,0,2137,39800000.0
Kurunegala,house,3,3,3404,46800000.0
Colombo,land,0,0,3063,74000000.0
Kandy,apartment,4,1,4220,87100000.0
Battaramulla,house,3,3,1317,39100000.0
Gampaha,house,1,2,3643,60700000.0
Nugegoda,land,0,0,9120,141800000.0
Battaramulla,apartment,3,4,2664,88400000.0
Kandy,house,2,2,2031,36400000.0
Kandy,apartment,2,2,3526,76200000.0
Colombo,apartment,4,1,2892,132800000.0
Galle,apartment,3,1,1511,36700000.0
Negombo,apartment,4,3,2681,66400000.0
Gampaha,house,2,2,1953,32900000.0
Kandy,house,2,3,1232,25200000.0
Gampaha,house,3,2,3148,56300000.0
Kurunegala,house,5,2,1939,32200000.0
Battaramulla,house,5,2,3652,99900000.0
Galle,apartment,5,1,2922,70200000.0
Galle,apartment,3,3,1329,34900000.0
Colombo,house,5,4,4110,156200000.0
Battaramulla,apartment,5,4,2970,99500000.0
Galle,apartment,2,3,4589,98400000.0
Dehiwala,land,0,0,8540,150800000.0
Colombo,apartment,5,4,3116,142600000.0
Nugegoda,apartment,5,4,1831,59200000.0
Rajagiriya,house,5,1,4403,129700000.0
Colombo,house,1,1,2958,103800000.0
Colombo,house,1,1,4827,164100000.0
Negombo,apartment,3,3,1399,36900000.0
Dehiwala,house,4,4,1728,53300000.0
Galle,house,5,2,1697,39200000.0
Negombo,house,5,4,2591,55900000.0
Colombo,apartment,4,2,2606,113300000.0
Kandy,house,2,2,921,20100000.0
Negombo,house,4,4,1799,42500000.0
Kurunegala,house,3,2,1211,22100000.0
Colombo,house,3,3,2684,105000000.0
Kandy,house,2,2,1914,37200000.0
Galle,apartment,1,1,3210,67500000.0
Negombo,apartment,2,3,2150,53500000.0
Negombo,house,2,3,1454,32000000.0
Nugegoda,apartment,5,4,1504,53600000.0
Rajagiriya,house,2,3,2473,78300000.0
Gampaha,house,2,2,4631,72100000.0
Rajagiriya,land,0,0,4648,90500000.0
Galle,apartment,2,1,4089,87800000.0
Dehiwala,house,3,4,3653,100900000.0
Dehiwala,apartment,4,2,2142,75000000.0
Colombo,apartment,3,2,4264,189100000.0
Gampaha,land,0,0,9621,98700000.0
Colombo,apartment,2,1,1800,80500000.0
Kurunegala,house,5,2,3167,45900000.0
Negombo,house,1,1,1519,30000000.0
Colombo,house,2,2,4174,153200000.0
Kurunegala,house,1,1,1935,26800000.0
Rajagiriya,land,0,0,5301,102500000.0
Dehiwala,apartment,1,1,3928,118500000.0
Nugegoda,house,5,4,3288,88200000.0
Battaramulla,house,2,3,1056,32700000.0
Dehiwala,house,1,2,1415,39600000.0
Rajagiriya,house,3,1,4758,145000000.0
Galle,apartment,4,4,4780,112200000.0
Galle,apartment,3,4,4473,100100000.0
Dehiwala,house,2,3,892,28100000.0
Kandy,house,3,1,3298,56300000.0
Dehiwala,apartment,3,3,1699,60900000.0
Galle,apartment,3,3,3085,71100000.0
Negombo,house,3,2,2965,61600000.0
Kurunegala,house,1,1,4515,56400000.0
Negombo,house,3,1,1158,26300000.0
Dehiwala,apartment,3,2,883,33400000.0
Nugegoda,house,2,1,2832,69200000.0
Nugegoda,house,4,5,3346,85300000.0
Galle,apartment,4,4,3276,79700000.0
Dehiwala,apartment,3,3,4307,133400000.0
Dehiwala,house,1,2,1472,39500000.0
Nugegoda,land,0,0,6645,104000000.0
Kandy,house,5,1,2929,54200000.0
Kandy,house,4,5,3281,66300000.0
Galle,land,0,0,3280,39900000.0
Battaramulla,apartment,2,3,3537,111000000.0
Rajagiriya,house,1,1,1075,33600000.0
Battaramulla,house,1,1,898,24900000.0
Kandy,house,2,2,4217,75200000.0
Gampaha,house,5,6,1442,35100000.0
Colombo,land,0,0,9730,232400000.0
Negombo,house,5,2,1992,43400000.0
Negombo,apartment,2,2,4821,107400000.0
Colombo,house,5,1,970,43000000.0
Nugegoda,house,3,4,3365,86300000.0
Galle,house,3,2,3485,69000000.0
Battaramulla,apartment,1,1,893,28000000.0
Kurunegala,house,1,2,3977,52300000.0
Galle,apartment,4,2,1694,41200000.0
Gampaha,apartment,5,4,1833,44500000.0
Rajagiriya,apartment,2,3,2839,96800000.0
Kandy,house,4,3,3744,68300000.0
Rajagiriya,house,1,1,1928,59200000.0
Gampaha,house,2,3,816,18500000.0
Rajagiriya,house,5,6,1362,52800000.0
Galle,apartment,1,2,1699,38000000.0
Kandy,house,3,2,4592,78300000.0
Colombo,house,1,2,3147,110600000.0
Nugegoda,house,4,1,1059,31900000.0
Colombo,house,5,5,765,37900000.0
Negombo,house,5,2,1644,38600000.0
Galle,apartment,3,1,3805,82600000.0
Rajagiriya,house,4,3,3165,95600000.0
Nugegoda,apartment,4,2,3076,97300000.0
Galle,house,2,1,4347,76500000.0
Battaramulla,apartment,3,4,2729,83400000.0
Kurunegala,house,5,3,4414,66600000.0
Rajagiriya,apartment,5,4,881,41000000.0
Battaramulla,house,3,1,4146,105100000.0
Gampaha,house,5,6,2766,53400000.0
Negombo,house,5,3,1838,42600000.0
Kurunegala,house,4,2,1078,21600000.0
Dehiwala,house,1,2,2813,73800000.0
Battaramulla,house,5,5,4041,111100000.0
Nugegoda,house,2,3,1154,32900000.0
Rajagiriya,land,0,0,5107,100600000.0
Negombo,house,2,1,1363,28800000.0
Rajagiriya,apartment,1,1,4792,159300000.0
Rajagiriya,house,4,2,2201,72900000.0
Negombo,house,4,5,4025,87400000.0
Rajagiriya,land,0,0,4030,82700000.0
Battaramulla,house,3,3,3741,92600000.0
Galle,apartment,1,1,1937,41400000.0
Gampaha,apartment,2,3,4036,78000000.0
Kurunegala,house,3,3,3886,56500000.0
Rajagiriya,house,2,1,3914,115200000.0
Battaramulla,house,5,2,1340,43100000.0
Colombo,apartment,5,6,4779,218700000.0
Kurunegala,apartment,2,1,4520,67800000.0
Colombo,house,2,1,1433,53500000.0
Negombo,apartment,1,2,1783,40600000.0
Nugegoda,house,3,1,920,25700000.0
Rajagiriya,house,4,3,1841,59700000.0
Kandy,apartment,2,2,986,23100000.0
Kurunegala,house,2,3,3897,50200000.0
Gampaha,apartment,2,3,3882,74800000.0
Rajagiriya,house,4,2,4853,146800000.0
Kandy,house,3,3,811,20000000.0
Kurunegala,apartment,4,5,3403,57400000.0
Galle,apartment,3,4,2960,71000000.0
Negombo,house,4,5,813,26100000.0
Rajagiriya,apartment,2,3,4080,149100000.0
Kurunegala,house,2,3,1029,17800000.0
Kandy,house,4,2,3970,70900000.0
Dehiwala,house,5,5,4174,112900000.0
Kurunegala,apartment,2,3,3561,59700000.0
Dehiwala,apartment,5,1,3639,122000000.0
Dehiwala,house,1,2,3223,80300000.0
Colombo,apartment,5,3,1344,66200000.0
Kurunegala,house,4,2,3211,46900000.0
Battaramulla,house,5,1,2417,65300000.0
Battaramulla,house,3,2,4807,119300000.0
Dehiwala,house,1,1,1968,51100000.0
Rajagiriya,apartment,2,3,3488,119900000.0
Battaramulla,house,1,2,1244,34300000.0
Nugegoda,house,3,3,4987,118200000.0
Colombo,apartment,5,6,3446,160600000.0
Kandy,house,2,1,3345,55100000.0
Galle,apartment,5,5,1079,35300000.0
Nugegoda,house,5,2,2537,70000000.0
Galle,house,4,4,2553,52200000.0
Nugegoda,apartment,2,3,4504,124000000.0
Dehiwala,apartment,4,4,966,40300000.0
Kurunegala,house,5,1,1649,27800000.0
Kurunegala,apartment,4,4,4800,77100000.0
Colombo,house,1,1,1974,68000000.0
Galle,land,0,0,8720,106200000.0
Kandy,apartment,5,4,1104,32600000.0
Colombo,house,1,1,3429,126100000.0
Rajagiriya,house,4,5,2281,75700000.0
Colombo,land,0,0,9584,239400000.0
Galle,house,4,1,2542,47800000.0
Galle,apartment,2,1,4086,87500000.0
Negombo,apartment,4,1,2034,50500000.0
Battaramulla,house,1,2,4997,118900000.0
Galle,house,2,3,3444,65400000.0
Battaramulla,house,1,2,1471,37800000.0
Kurunegala,apartment,4,1,839,18800000.0
Battaramulla,apartment,5,2,4802,150400000.0
Dehiwala,land,0,0,8041,139400000.0
Gampaha,apartment,5,2,2051,44600000.0
Colombo,apartment,1,2,1069,49900000.0
Dehiwala,apartment,4,2,1250,46300000.0
Colombo,apartment,1,2,2468,108100000.0
Rajagiriya,house,1,2,3463,96000000.0
Gampaha,apartment,5,6,3951,85100000.0
Gampaha,house,5,1,3726,64800000.0
Negombo,apartment,1,1,4154,90300000.0
Kurunegala,house,3,2,4803,64800000.0
Gampaha,house,2,3,1214,25000000.0
Negombo,house,5,3,1341,34200000.0
Battaramulla,house,5,4,1083,39300000.0
Rajagiriya,apartment,5,2,1482,60400000.0
Galle,house,4,1,1948,40000000.0
Nugegoda,land,0,0,1997,33600000.0
Galle,house,4,1,3261,59900000.0
Dehiwala,house,2,2,4923,123200000.0
Colombo,house,2,1,2754,95600000.0
Colombo,apartment,2,3,976,47400000.0
Rajagiriya,land,0,0,6672,134400000.0
Battaramulla,apartment,1,1,3949,120900000.0
Gampaha,house,1,1,829,15500000.0
Colombo,house,4,5,1061,47300000.0
Negombo,land,0,0,2841,35600000.0
Kurunegala,house,2,2,1125,18200000.0
Kurunegala,apartment,5,1,2081,40300000.0
Rajagiriya,house,2,2,1541,48100000.0
Nugegoda,apartment,2,1,4658,130400000.0
Kurunegala,land,0,0,3062,24600000.0
Nugegoda,apartment,2,3,3779,115300000.0
Gampaha,house,4,4,1662,36200000.0
Dehiwala,house,1,1,3147,84800000.0
Negombo,house,1,2,1669,34200000.0
Galle,house,4,2,3858,76600000.0
Dehiwala,apartment,1,2,2622,81100000.0
Battaramulla,apartment,3,2,4123,123100000.0
Kandy,house,5,5,1143,29800000.0
Kandy,land,0,0,4515,48100000.0
Rajagiriya,house,1,1,2372,69500000.0
Negombo,house,5,1,3720,78300000.0
Colombo,land,0,0,9772,234400000.0
Kandy,house,1,2,2094,36000000.0
Kurunegala,apartment,3,3,949,20900000.0
Gampaha,apartment,4,1,3442,68700000.0
Battaramulla,house,2,2,2525,67700000.0
Dehiwala,house,1,2,4585,113700000.0
Rajagiriya,house,5,5,2045,71000000.0
Battaramulla,house,3,1,1059,29600000.0
Battaramulla,land,0,0,3486,58700000.0
Rajagiriya,house,3,3,4157,124600000.0
Kandy,house,1,2,4779,77800000.0
Kandy,house,4,4,2742,56500000.0
Battaramulla,house,2,3,3582,90200000.0
Battaramulla,house,4,2,2101,61200000.0
Galle,house,4,4,772,23200000.0
Dehiwala,apartment,1,1,4480,134000000.0
Galle,house,1,2,1203,24900000.0
Nugegoda,apartment,3,2,3261,100300000.0
Kandy,house,5,6,4005,80200000.0
Kandy,apartment,4,2,1957,46100000.0
Battaramulla,house,4,4,1675,51800000.0
Kandy,house,2,1,4981,87200000.0
Battaramulla,apartment,4,2,3336,107800000.0
Battaramulla,house,2,3,2556,67200000.0
Battaramulla,house,4,5,4733,121200000.0
Dehiwala,land,0,0,4832,84200000.0
Gampaha,apartment,3,4,4581,87600000.0
Battaramulla,house,2,2,2822,72900000.0
Dehiwala,house,5,6,2300,72900000.0
Kurunegala,house,2,3,2781,39300000.0
Colombo,house,4,3,2844,112600000.0
Galle,house,2,1,1117,23000000.0
Rajagiriya,apartment,5,3,2978,115900000.0
Dehiwala,house,2,3,2584,68300000.0
Battaramulla,apartment,5,4,3381,112000000.0
Gampaha,apartment,5,5,2209,54700000.0
Negombo,apartment,2,2,811,23200000.0
Negombo,house,4,1,855,22900000.0
Kandy,apartment,5,5,2799,67600000.0
Rajagiriya,house,4,4,2977,92300000.0
Kandy,apartment,3,3,4723,102800000.0
Dehiwala,house,1,1,1177,31200000.0
Battaramulla,apartment,1,1,1975,61100000.0
Galle,house,2,1,4613,78600000.0
Kurunegala,land,0,0,3433,28100000.0
Negombo,house,3,1,3636,71100000.0
Colombo,land,0,0,7291,170400000.0
Nugegoda,house,2,2,3403,82300000.0
Kurunegala,apartment,2,1,1801,29900000.0
Battaramulla,house,5,1,1097,35100000.0
Kurunegala,house,1,2,3898,52700000.0
Kandy,house,4,3,2188,41800000.0
Negombo,house,3,3,1809,40200000.0
Negombo,house,3,4,4332,83300000.0
Negombo,house,5,6,2080,49600000.0
Kurunegala,house,2,1,2270,32700000.0
Colombo,house,3,4,2511,96900000.0
Nugegoda,apartment,5,6,4642,138100000.0
Colombo,apartment,4,2,942,46300000.0
Battaramulla,apartment,4,2,3205,98600000.0
Dehiwala,house,1,2,3393,86400000.0
Negombo,apartment,1,2,1318,32600000.0
Colombo,house,2,2,815,33600000.0
Colombo,apartment,3,2,3989,173500000.0
Galle,house,2,2,3275,61300000.0
Dehiwala,land,0,0,4232,70400000.0
Negombo,house,4,4,4221,86900000.0
Colombo,house,4,3,3608,135200000.0
Rajagiriya,house,2,3,3821,114800000.0
Negombo,apartment,5,3,3165,75900000.0
Nugegoda,house,4,5,3970,102800000.0
Battaramulla,apartment,3,1,3558,109600000.0
Kandy,apartment,1,2,2841,58700000.0
Dehiwala,house,2,3,4543,116800000.0
Negombo,house,1,1,4353,84500000.0
Colombo,house,4,4,1681,69200000.0
Dehiwala,house,3,4,4642,128000000.0
Negombo,house,3,3,3668,70600000.0
Nugegoda,house,3,1,1085,30900000.0
Rajagiriya,apartment,3,3,1688,61900000.0
Kurunegala,apartment,2,2,2568,41000000.0
Galle,apartment,1,1,3334,67000000.0
Gampaha,house,1,2,2507,40200000.0
Negombo,house,1,1,3446,64000000.0
Nugegoda,house,1,2,3988,95400000.0
Dehiwala,house,1,2,1280,35600000.0
Rajagiriya,apartment,1,1,1259,45800000.0
Kurunegala,house,4,3,1544,28800000.0
Galle,house,3,3,2788,53500000.0
Colombo,apartment,2,2,3463,145000000.0
Dehiwala,house,4,5,4075,110700000.0
Kurunegala,house,5,6,1832,36500000.0
Battaramulla,house,1,1,3525,89000000.0
Gampaha,apartment,1,2,4396,84300000.0
Gampaha,house,5,1,1459,31100000.0
Kurunegala,land,0,0,7030,60100000.0
Negombo,house,5,6,1872,47600000.0
Nugegoda,apartment,5,4,929,36400000.0
Negombo,house,1,1,3967,74400000.0
Nugegoda,apartment,4,3,2269,73300000.0
Battaramulla,house,2,3,1666,47700000.0
Negombo,house,4,3,4040,82900000.0
Battaramulla,house,3,2,1550,42900000.0
Rajagiriya,house,3,3,4007,125000000.0
Negombo,house,1,2,4214,79700000.0
Negombo,house,2,2,1915,39300000.0
Rajagiriya,house,5,6,2405,82100000.0
Negombo,apartment,1,2,2868,68000000.0
Rajagiriya,house,5,5,2238,73800000.0
Dehiwala,apartment,4,3,3154,102700000.0
Galle,house,5,3,1475,35700000.0
Battaramulla,apartment,2,1,1247,41700000.0
Colombo,land,0,0,7094,181200000.0
Negombo,apartment,5,3,2120,58700000.0
Nugegoda,house,4,1,2321,62900000.0
Rajagiriya,house,4,2,1013,36600000.0
Battaramulla,land,0,0,2529,41700000.0
Negombo,house,4,2,1947,43600000.0
Nugegoda,house,2,1,854,24700000.0
Galle,apartment,3,1,3018,67000000.0
Galle,land,0,0,6973,79400000.0
Galle,house,1,2,1768,35000000.0
Kurunegala,apartment,4,5,3932,70600000.0
Battaramulla,house,2,1,4551,117000000.0
Kurunegala,house,5,6,3567,57500000.0
Galle,apartment,2,2,758,20300000.0
Gampaha,land,0,0,4667,47600000.0
Kandy,apartment,3,3,1857,43400000.0
Kandy,house,1,1,1832,31300000.0
Kandy,apartment,1,2,2859,56800000.0
Rajagiriya,house,4,4,2647,81000000.0
Gampaha,apartment,4,4,2596,58000000.0
Galle,house,4,2,2542,50000000.0
Nugegoda,apartment,2,3,1694,50600000.0
Rajagiriya,house,3,1,979,31700000.0
Galle,land,0,0,2613,30600000.0
Galle,house,2,2,3559,63700000.0
Battaramulla,apartment,3,4,3087,94100000.0
Kandy,house,1,2,3380,56800000.0
Nugegoda,apartment,3,2,4262,120500000.0
Kandy,house,3,1,2810,48800000.0
Battaramulla,house,5,3,1922,53900000.0
Negombo,apartment,2,2,1198,31700000.0
Kurunegala,house,3,1,2370,34700000.0
Kandy,land,0,0,4944,56500000.0
Colombo,apartment,1,1,1298,56200000.0
Kurunegala,house,1,2,3171,42700000.0
Dehiwala,house,5,4,4121,111100000.0
Rajagiriya,house,3,1,2182,67700000.0
Kurunegala,house,4,3,1794,31600000.0
Galle,house,5,3,4462,83500000.0
Colombo,apartment,4,5,4446,200600000.0
Nugegoda,apartment,3,2,3292,102100000.0
Rajagiriya,house,3,4,1584,53400000.0
Nugegoda,house,1,1,3512,84400000.0
Nugegoda,house,4,2,3313,80500000.0
Battaramulla,house,1,2,808,22200000.0
Negombo,house,5,3,3602,73500000.0
Galle,house,5,4,1589,39900000.0
Colombo,apartment,1,1,1995,82800000.0
Gampaha,apartment,2,2,2076,40500000.0
Rajagiriya,house,5,3,3541,109100000.0
Nugegoda,apartment,4,3,2051,68600000.0
Colombo,house,1,2,4332,162400000.0
Dehiwala,house,2,2,2303,63300000.0
Colombo,land,0,0,8137,207500000.0
Nugegoda,house,5,4,2256,60900000.0
Battaramulla,house,2,1,4816,118200000.0
Battaramulla,house,4,3,1893,53300000.0
Rajagiriya,apartment,2,1,4826,159400000.0
Dehiwala,house,4,1,4574,121300000.0
Rajagiriya,house,1,1,2876,83800000.0
Gampaha,apartment,4,4,3826,76200000.0
Gampaha,house,5,5,4664,79800000.0
Kandy,house,2,3,2713,49600000.0
Kurunegala,house,2,2,4349,59900000.0
Rajagiriya,house,5,4,3332,104000000.0
Negombo,house,4,5,2852,61100000.0
Kandy,apartment,5,2,3650,80300000.0
Kurunegala,house,5,2,3163,46600000.0
Gampaha,house,1,2,2808,43600000.0
Dehiwala,land,0,0,6450,111200000.0
Galle,house,1,1,1704,30400000.0
Kurunegala,house,4,2,1279,23100000.0
Nugegoda,house,3,2,3275,79100000.0
Kurunegala,land,0,0,3742,32100000.0
Negombo,house,3,3,4805,98000000.0
Kurunegala,house,3,4,2705,40800000.0
Kurunegala,house,1,1,4394,54700000.0
Kandy,land,0,0,3846,41100000.0
Galle,house,5,3,2805,60200000.0
Battaramulla,house,3,3,1426,40700000.0
Negombo,house,1,2,2110,41900000.0
Kurunegala,apartment,3,2,1136,24000000.0
Battaramulla,house,2,1,1236,34900000.0
Gampaha,house,5,2,2810,54000000.0
Rajagiriya,house,4,4,3049,97300000.0
Nugegoda,house,1,1,1830,42800000.0
Gampaha,house,1,1,4442,68600000.0
Negombo,house,4,4,2521,56900000.0
Kurunegala,apartment,5,1,3471,58300000.0
Galle,house,1,2,3132,54900000.0
Colombo,house,5,1,4031,144100000.0
Kurunegala,house,4,1,754,15800000.0
Colombo,apartment,1,2,4970,218900000.0
Nugegoda,apartment,2,1,802,25700000.0
Negombo,house,1,2,2050,42100000.0
Dehiwala,land,0,0,5833,100000000.0
Battaramulla,house,3,1,2443,62300000.0
Dehiwala,house,1,1,2756,71000000.0
Nugegoda,land,0,0,9722,155700000.0
Kandy,apartment,1,2,4074,81500000.0
Dehiwala,house,4,5,4523,118600000.0
Battaramulla,house,4,1,3852,101800000.0
Dehiwala,apartment,4,2,2126,71900000.0
Kurunegala,apartment,3,1,2726,43300000.0
Kandy,land,0,0,2887,33700000.0
Nugegoda,house,5,4,4354,113100000.0
Nugegoda,apartment,5,6,2222,77800000.0
Negombo,house,2,3,755,19400000.0
Nugegoda,house,2,2,1860,49100000.0
Gampaha,house,5,1,1295,27000000.0
Dehiwala,apartment,1,1,4093,126700000.0
Rajagiriya,house,5,3,1503,53400000.0
Colombo,house,4,3,3661,137100000.0
Negombo,house,1,1,2236,41000000.0
Colombo,apartment,4,2,2007,93200000.0
Negombo,house,1,1,1664,31500000.0
Battaramulla,apartment,2,3,1116,38300000.0
Kurunegala,house,1,2,3243,40900000.0
Battaramulla,apartment,1,2,1971,60700000.0
Nugegoda,house,2,3,2746,71400000.0
Colombo,apartment,5,6,1352,68600000.0
Negombo,house,4,2,1453,35300000.0
Colombo,house,5,2,1685,71400000.0
Dehiwala,house,2,2,3140,87000000.0
Kandy,house,2,1,4021,71400000.0
Gampaha,house,2,3,926,20200000.0
Dehiwala,house,5,3,963,34400000.0
Dehiwala,house,5,1,1261,39700000.0
Negombo,house,5,3,2475,54200000.0
Negombo,house,1,1,3557,63200000.0
Nugegoda,house,3,1,3701,88600000.0
Dehiwala,apartment,3,4,3644,118900000.0
Nugegoda,land,0,0,4613,74500000.0
Kurunegala,apartment,3,1,1514,26700000.0
Dehiwala,apartment,2,2,3935,119900000.0
Battaramulla,apartment,5,2,2343,80400000.0
Rajagiriya,house,4,3,3362,101300000.0
Kandy,house,2,3,2540,46400000.0
Colombo,house,1,2,3131,109700000.0
Rajagiriya,apartment,3,4,1915,69600000.0
Kurunegala,land,0,0,1987,17000000.0
Nugegoda,apartment,5,2,4479,136200000.0
Battaramulla,house,5,3,2389,68500000.0
Rajagiriya,house,5,1,982,36700000.0
Dehiwala,house,3,1,3899,98500000.0
Negombo,apartment,5,4,1066,34000000.0
Rajagiriya,house,2,3,4863,147300000.0
Kurunegala,apartment,4,4,1848,36100000.0
Colombo,house,4,1,2082,80600000.0
Nugegoda,house,1,2,2888,72000000.0
Gampaha,house,2,3,983,20600000.0
Negombo,apartment,3,3,4883,112100000.0
Colombo,house,2,2,2749,98600000.0
Kurunegala,house,4,4,3265,48900000.0
Dehiwala,house,4,2,4591,120500000.0
Kurunegala,apartment,3,2,3362,54100000.0
Battaramulla,house,2,3,2594,66000000.0
Negombo,apartment,2,3,1301,32900000.0
Kandy,house,1,2,2696,48200000.0
Nugegoda,apartment,1,1,2070,59000000.0
Kurunegala,house,1,1,1150,15600000.0
Gampaha,house,3,2,4601,75700000.0
Nugegoda,house,3,4,2671,67000000.0
Kandy,house,4,3,3121,58200000.0
Battaramulla,apartment,5,2,2398,81100000.0
Negombo,apartment,2,2,3528,78100000.0
Nugegoda,house,3,1,1579,42000000.0
Dehiwala,apartment,1,2,2608,80900000.0
Rajagiriya,house,1,1,2005,59500000.0
Battaramulla,house,4,2,4814,120300000.0
Galle,house,4,2,2892,54500000.0
Gampaha,house,2,2,4839,80100000.0
Galle,house,5,2,1121,28300000.0
Colombo,apartment,5,4,1214,63100000.0
Nugegoda,house,4,3,4296,106700000.0
Battaramulla,house,5,5,900,35700000.0
Nugegoda,apartment,2,1,3129,94600000.0
Dehiwala,house,5,1,2665,75200000.0
Negombo,house,2,2,1750,36500000.0
Gampaha,house,2,2,4580,72800000.0
Battaramulla,house,3,3,1034,33000000.0
Colombo,house,5,2,2591,100900000.0
Kurunegala,house,3,4,3301,48400000.0
Colombo,house,2,2,2714,96300000.0
Dehiwala,apartment,4,4,773,33900000.0
Kurunegala,house,2,2,3292,44300000.0
Battaramulla,house,5,3,2055,62500000.0
Kandy,apartment,1,1,1531,32700000.0
Galle,house,2,3,4450,81600000.0
Nugegoda,house,3,1,2599,62600000.0
Negombo,apartment,5,2,1520,42700000.0
Gampaha,house,5,6,1740,39400000.0
Kandy,house,4,3,2186,45800000.0
Battaramulla,house,3,4,4775,120000000.0
Gampaha,house,5,3,2015,41400000.0
Battaramulla,house,5,4,3912,107300000.0
Nugegoda,apartment,1,1,1265,36500000.0
Kurunegala,house,5,1,856,17900000.0
Battaramulla,apartment,5,3,1548,52500000.0
Nugegoda,apartment,4,2,3794,116100000.0
Dehiwala,house,2,3,1348,39900000.0
Galle,house,2,3,4804,85700000.0
Colombo,house,2,2,4285,158300000.0
Negombo,house,5,5,2278,54200000.0
Kurunegala,house,3,2,2871,39300000.0
Gampaha,house,1,2,863,17000000.0
Kurunegala,house,5,2,3402,52300000.0
Rajagiriya,house,1,2,2006,58500000.0
Nugegoda,apartment,2,1,2715,81200000.0
Kurunegala,house,4,4,934,22100000.0
Rajagiriya,house,3,1,1615,50000000.0
Rajagiriya,apartment,1,2,2881,98100000.0
Galle,house,4,1,4057,77700000.0
Nugegoda,house,4,2,4353,105500000.0
Gampaha,house,3,4,3288,60500000.0
Nugegoda,house,1,1,2435,58800000.0
Gampaha,house,2,1,1257,23100000.0
Kandy,house,2,2,3579,62600000.0
Galle,house,1,1,2223,41100000.0
Nugegoda,house,2,2,4010,99800000.0
Battaramulla,house,2,1,2466,61200000.0
Kurunegala,house,3,2,2732,38500000.0
Nugegoda,land,0,0,2139,34900000.0
Kandy,land,0,0,4006,44100000.0
Dehiwala,house,3,4,1941,55100000.0
Negombo,apartment,1,2,3597,83100000.0
Colombo,house,1,1,3645,134100000.0
Negombo,land,0,0,7506,95200000.0
Dehiwala,apartment,1,2,3728,112500000.0
Colombo,house,2,2,1295,48900000.0
Kandy,apartment,5,4,4706,105500000.0
Gampaha,house,1,1,4097,65300000.0
Galle,house,4,1,3713,70700000.0
Galle,apartment,1,2,1787,40900000.0
Dehiwala,house,3,2,1519,42800000.0
Battaramulla,apartment,4,5,1683,57200000.0
Dehiwala,house,4,3,3169,92300000.0
Gampaha,land,0,0,1254,13100000.0
Battaramulla,house,2,1,3221,80000000.0
Battaramulla,house,5,4,861,33100000.0
Nugegoda,apartment,2,3,3035,86800000.0
Gampaha,house,2,2,3415,59000000.0
Kurunegala,house,2,3,4654,64000000.0
Galle,house,2,1,2387,44300000.0
Galle,land,0,0,6203,70400000.0
Negombo,house,5,2,2465,54200000.0
Kandy,house,4,3,1125,27300000.0
Colombo,house,5,1,3973,149100000.0
Kandy,house,2,1,897,18300000.0
Colombo,house,4,1,3545,126500000.0
Colombo,house,1,2,4542,156300000.0
Galle,house,5,4,3318,65300000.0
Colombo,land,0,0,4904,120900000.0
Rajagiriya,house,3,4,1926,62400000.0
Colombo,house,5,3,4312,164500000.0
Kurunegala,apartment,3,2,3538,58500000.0
Kurunegala,apartment,3,3,4129,66800000.0
Nugegoda,house,4,5,1410,44400000.0
Nugegoda,land,0,0,2210,36900000.0
Gampaha,apartment,5,6,2884,64200000.0
Battaramulla,house,5,2,1189,39400000.0
Gampaha,house,3,1,4493,69800000.0
Gampaha,house,3,4,4935,81800000.0
Kurunegala,house,4,3,1250,24600000.0
Battaramulla,apartment,3,1,3835,116500000.0
Nugegoda,house,5,3,2429,63800000.0
Nugegoda,apartment,4,5,1057,41000000.0
Rajagiriya,house,5,5,1416,51200000.0
Battaramulla,apartment,5,4,2124,72100000.0
Kandy,house,2,1,3678,64000000.0
Galle,apartment,3,1,947,23600000.0
Battaramulla,house,1,2,2026,50300000.0
Battaramulla,house,5,5,1673,55100000.0
Dehiwala,house,4,4,3704,99100000.0
Rajagiriya,house,2,2,3977,118200000.0
Gampaha,apartment,1,1,1126,21900000.0
Kurunegala,apartment,5,3,4227,73700000.0
Kurunegala,apartment,1,1,2678,39300000.0
Kurunegala,land,0,0,5389,44800000.0
Rajagiriya,apartment,5,5,3801,139400000.0
Dehiwala,apartment,2,3,1208,43100000.0
Rajagiriya,house,1,2,1753,54100000.0
Gampaha,house,2,1,2836,48100000.0
Dehiwala,apartment,3,4,4158,139700000.0
Galle,house,2,3,1451,31500000.0
Galle,house,3,4,1543,33100000.0
Negombo,land,0,0,9644,118000000.0
Dehiwala,apartment,3,1,4504,138200000.0
Rajagiriya,house,1,2,4716,134400000.0
Gampaha,land,0,0,2250,24600000.0
Battaramulla,house,2,1,2618,68600000.0
Kurunegala,house,1,1,4203,51400000.0
Rajagiriya,apartment,4,3,4994,175700000.0
Nugegoda,house,1,2,3571,88000000.0
Kurunegala,apartment,2,1,4736,71100000.0
Kurunegala,apartment,2,3,1613,29000000.0
Rajagiriya,land,0,0,9129,175400000.0
Rajagiriya,apartment,1,1,3607,119800000.0
Battaramulla,apartment,4,1,3487,102900000.0
Kandy,apartment,2,2,3944,83800000.0
Negombo,apartment,1,1,3412,74900000.0
Dehiwala,house,3,1,2466,65200000.0
Rajagiriya,apartment,1,2,3061,110400000.0
Negombo,house,4,2,3888,74900000.0
Kurunegala,land,0,0,2617,22600000.0
Nugegoda,house,5,1,1069,31500000.0
Colombo,apartment,1,2,2306,104600000.0
Gampaha,apartment,1,2,880,18800000.0
Battaramulla,apartment,5,4,787,32700000.0
Kandy,land,0,0,1473,16000000.0
Dehiwala,house,1,2,2161,59500000.0
Negombo,house,2,1,3870,76000000.0
Colombo,apartment,1,1,4978,213500000.0
Kurunegala,house,1,1,4537,58900000.0
Kandy,apartment,5,5,2421,59000000.0
Nugegoda,apartment,1,1,3652,107400000.0
Rajagiriya,apartment,3,4,2804,102800000.0
Dehiwala,house,1,2,3359,83100000.0
Kurunegala,house,1,2,3499,44000000.0
Negombo,house,3,1,3165,61400000.0
Colombo,house,1,2,2326,85900000.0
Galle,house,5,6,2118,49400000.0
Battaramulla,apartment,5,1,2065,65300000.0
Battaramulla,house,1,1,4974,117100000.0
Colombo,house,1,1,814,30100000.0
Nugegoda,house,1,2,1027,26600000.0
Battaramulla,house,4,1,2236,62300000.0
Gampaha,apartment,5,4,2590,55900000.0
Negombo,house,1,1,4940,93300000.0
Negombo,house,1,1,1413,28300000.0
Kandy,house,3,2,4240,72200000.0
Negombo,land,0,0,8915,115300000.0
Kurunegala,apartment,3,1,2264,37700000.0
Nugegoda,apartment,2,3,4709,141300000.0
Colombo,house,3,3,4677,166200000.0
Negombo,land,0,0,2946,37100000.0
Galle,house,5,5,4199,84800000.0
Kurunegala,apartment,5,5,2308,44300000.0
Nugegoda,land,0,0,9273,148300000.0
Nugegoda,house,4,3,4164,109100000.0
Nugegoda,house,1,2,4515,112200000.0
Gampaha,apartment,1,1,2533,48100000.0
Gampaha,house,5,1,4869,80100000.0
Dehiwala,land,0,0,2594,43400000.0
Colombo,house,4,5,4345,158100000.0
Gampaha,land,0,0,9338,95600000.0
Kurunegala,land,0,0,9734,79400000.0
Dehiwala,house,2,1,3701,99300000.0
Galle,house,4,1,2485,49200000.0
Rajagiriya,apartment,1,1,3290,116000000.0
Nugegoda,apartment,3,1,3249,93100000.0
Galle,apartment,4,3,4531,101700000.0
Gampaha,apartment,1,2,3196,61000000.0
Kandy,house,4,1,4654,81100000.0
Battaramulla,apartment,1,2,3360,104700000.0
Galle,apartment,1,1,4010,85000000.0
Kandy,house,2,1,3006,52200000.0
Colombo,house,2,3,3552,131300000.0
Dehiwala,land,0,0,7724,130100000.0
Dehiwala,apartment,4,4,3903,123000000.0
Rajagiriya,house,1,2,2410,71300000.0
Nugegoda,house,5,3,3831,98200000.0
Colombo,house,3,4,2885,106100000.0
Nugegoda,apartment,2,1,3228,91400000.0
Kandy,land,0,0,7209,77700000.0
Battaramulla,land,0,0,3256,55300000.0
Galle,house,1,1,3577,60400000.0
Kandy,house,2,3,2393,45700000.0
Battaramulla,house,1,1,811,21800000.0
Dehiwala,land,0,0,4716,85000000.0
Negombo,apartment,2,2,1774,41700000.0
Battaramulla,apartment,1,2,1535,48600000.0
Negombo,house,1,1,4525,83600000.0
Rajagiriya,house,2,2,3089,91100000.0
Dehiwala,house,2,3,3847,99400000.0
Nugegoda,house,4,2,1487,40700000.0
Gampaha,land,0,0,4480,47800000.0
Nugegoda,apartment,4,3,4308,125400000.0
Nugegoda,apartment,3,1,2451,71000000.0
Dehiwala,house,3,2,3730,96300000.0
Nugegoda,house,3,2,3716,91700000.0
Rajagiriya,apartment,4,1,4771,164700000.0
Dehiwala,apartment,4,5,4505,139000000.0
Nugegoda,apartment,1,2,4274,123300000.0
Kurunegala,house,5,4,4930,68500000.0
Kandy,apartment,4,4,4776,100900000.0
Negombo,apartment,2,1,2042,48600000.0
Galle,house,4,4,2486,52400000.0
Battaramulla,apartment,2,3,2706,85100000.0
Dehiwala,apartment,5,5,1582,62400000.0
Battaramulla,apartment,5,1,2195,69100000.0
Galle,house,3,4,4940,89400000.0
Kandy,house,5,3,2706,51600000.0
Battaramulla,land,0,0,7386,121200000.0
Kandy,apartment,3,4,2042,48700000.0
Kandy,house,5,2,1767,37800000.0
Gampaha,apartment,4,1,2839,57400000.0
Dehiwala,apartment,1,2,3864,115500000.0
Kandy,apartment,4,2,2654,59800000.0
Negombo,apartment,5,1,3811,94100000.0
Battaramulla,apartment,4,2,4067,119400000.0
Negombo,land,0,0,6064,73200000.0
Dehiwala,house,3,4,833,29400000.0
Nugegoda,house,1,1,4037,94500000.0
Galle,house,2,2,4725,82400000.0
Colombo,house,5,2,1215,50700000.0
Kandy,house,4,1,2789,49400000.0
Battaramulla,house,3,4,3532,93600000.0
Battaramulla,house,3,2,3189,82500000.0
Negombo,house,5,3,1694,39600000.0
Kandy,house,5,2,3564,67100000.0
Nugegoda,apartment,2,3,2483,71900000.0
Kandy,apartment,2,2,3357,69000000.0
Negombo,house,4,3,2307,51800000.0
Dehiwala,house,2,2,998,30500000.0
Battaramulla,apartment,5,4,1319,48400000.0
Dehiwala,house,3,2,4981,125100000.0
Rajagiriya,apartment,3,2,1264,50400000.0
Negombo,house,2,3,1164,25900000.0
Negombo,house,3,1,3166,62600000.0
Kurunegala,apartment,5,1,818,21100000.0
Galle,apartment,3,1,1456,33900000.0
Colombo,house,2,3,1285,50100000.0
Gampaha,house,3,2,3759,64400000.0
Nugegoda,land,0,0,3282,50200000.0
Gampaha,house,5,1,2343,43100000.0
Kurunegala,house,4,1,4428,62000000.0
Colombo,house,5,5,4049,159400000.0
Battaramulla,apartment,5,2,3157,99000000.0
Battaramulla,apartment,5,5,1570,57300000.0
Battaramulla,house,4,4,4974,126900000.0
Rajagiriya,apartment,1,1,1776,60200000.0
Negombo,house,5,2,3555,75200000.0
Gampaha,house,2,2,3202,51100000.0
Battaramulla,house,1,1,4350,101900000.0
Dehiwala,apartment,2,2,4186,126300000.0
Nugegoda,apartment,1,1,2414,67600000.0
Gampaha,house,2,1,4795,72500000.0
Kandy,house,3,4,4947,84200000.0
Negombo,apartment,5,2,2316,58900000.0
Nugegoda,land,0,0,9109,153400000.0
Colombo,house,2,2,3021,111300000.0
Colombo,house,4,1,3993,144100000.0
Negombo,house,4,2,3418,66600000.0
Battaramulla,apartment,3,2,3583,114700000.0
Kurunegala,house,3,1,1457,22200000.0
Kandy,house,1,1,3618,60300000.0
Colombo,apartment,4,1,2904,126800000.0
Negombo,apartment,3,2,1608,41900000.0
Rajagiriya,house,5,5,2311,76400000.0
Kandy,apartment,5,5,4632,101800000.0
Gampaha,house,3,1,1870,32400000.0
Nugegoda,apartment,4,1,3855,110100000.0
Battaramulla,house,1,1,3510,83400000.0
Kurunegala,house,1,1,4139,53600000.0
Colombo,house,4,4,3374,132900000.0
Battaramulla,house,5,6,2917,86900000.0
Gampaha,house,2,1,1351,25000000.0
Negombo,house,4,1,4022,82200000.0
Dehiwala,apartment,3,3,1299,48500000.0
Negombo,apartment,5,2,793,26300000.0
Dehiwala,house,3,4,4397,121900000.0
Rajagiriya,house,4,3,1717,55900000.0
Galle,apartment,1,1,2329,48800000.0
Galle,apartment,2,1,3537,72600000.0
Nugegoda,house,1,1,4980,119500000.0
Kandy,apartment,4,1,4445,96700000.0
Nugegoda,house,2,3,3652,89300000.0
Dehiwala,land,0,0,8654,147500000.0
Colombo,house,5,6,3533,140000000.0
Colombo,apartment,4,3,1547,77100000.0
Dehiwala,house,3,4,4230,109400000.0
Gampaha,land,0,0,5174,53300000.0
Dehiwala,land,0,0,8002,144700000.0
Dehiwala,land,0,0,9448,172600000.0
Kandy,house,4,5,4237,79400000.0
Rajagiriya,apartment,4,2,3047,107500000.0
Negombo,land,0,0,4544,55300000.0
Kandy,apartment,5,3,3595,77000000.0
Nugegoda,house,3,3,835,26500000.0
Nugegoda,house,2,2,3419,84700000.0
Negombo,house,2,2,3682,70300000.0
Negombo,house,1,1,3152,59500000.0
Battaramulla,apartment,1,2,2884,86900000.0
Galle,land,0,0,9583,110700000.0
Colombo,house,2,2,2925,107600000.0
Kurunegala,land,0,0,9679,85400000.0
Negombo,house,3,4,2140,46500000.0
Battaramulla,house,2,3,1210,34000000.0
Galle,house,2,3,1907,38700000.0
Kandy,apartment,1,2,2014,40800000.0
Rajagiriya,land,0,0,4870,100000000.0
Rajagiriya,apartment,4,4,3047,108700000.0
Dehiwala,house,4,1,4228,109200000.0
Battaramulla,house,4,3,1946,53600000.0
Rajagiriya,house,5,3,3377,104300000.0
Battaramulla,house,1,2,4650,116700000.0
Negombo,land,0,0,3246,42700000.0
Colombo,house,5,2,2205,88700000.0
Battaramulla,house,4,2,4432,119300000.0
Gampaha,house,2,3,1308,24600000.0
Gampaha,house,2,3,1412,28100000.0
Kurunegala,house,2,2,2700,38200000.0
Battaramulla,land,0,0,8148,141100000.0
Kandy,land,0,0,2157,23900000.0
Battaramulla,apartment,2,1,1773,56300000.0
Colombo,land,0,0,3530,82600000.0
Nugegoda,house,2,2,4319,104000000.0
Negombo,house,4,4,1190,31500000.0
Kandy,apartment,3,2,4574,92600000.0
Kurunegala,land,0,0,1477,12600000.0
Dehiwala,apartment,1,2,1930,62800000.0
Nugegoda,apartment,5,5,2841,88100000.0
Negombo,house,2,1,1994,38200000.0
Colombo,land,0,0,7181,184500000.0
Galle,house,4,5,1838,43700000.0
Battaramulla,land,0,0,3690,63500000.0
Colombo,house,1,2,3566,128300000.0
Gampaha,house,3,3,1787,35500000.0
Kurunegala,house,1,1,2041,25900000.0
Rajagiriya,house,4,1,1728,57800000.0
Colombo,apartment,5,2,887,48500000.0
Galle,house,3,1,1329,28300000.0
Kurunegala,house,4,5,3339,48600000.0
Kurunegala,house,1,1,4234,52700000.0
Colombo,house,3,2,4715,175000000.0
Kandy,house,5,1,3189,59200000.0
Rajagiriya,house,4,4,2276,72600000.0
Kandy,house,1,2,859,16900000.0
Kandy,house,4,3,848,21500000.0
Kurunegala,land,0,0,6917,57700000.0
Rajagiriya,house,1,1,3729,103100000.0
Negombo,apartment,5,1,3698,90900000.0
Kandy,apartment,3,1,1731,38500000.0
Dehiwala,house,2,2,4647,123000000.0
Kandy,land,0,0,4446,51500000.0
Kurunegala,house,1,1,2085,28000000.0
Colombo,apartment,4,4,2735,124400000.0
Battaramulla,house,4,5,1373,42300000.0
Colombo,house,3,2,1910,73200000.0
Rajagiriya,house,1,2,1862,58000000.0
Kurunegala,apartment,3,2,3888,60900000.0
Dehiwala,house,5,3,1754,56500000.0
Kandy,apartment,1,2,1267,27400000.0
Galle,house,1,1,3993,70800000.0
Dehiwala,house,2,1,1723,49000000.0
Nugegoda,apartment,1,2,4225,116900000.0
Rajagiriya,apartment,2,3,1289,51200000.0
Battaramulla,house,5,5,4189,116900000.0
Kandy,apartment,5,2,2321,55600000.0
Galle,apartment,2,3,3503,79900000.0
Nugegoda,house,2,2,813,24300000.0
Negombo,house,1,1,890,18700000.0
Kurunegala,apartment,5,2,2575,46000000.0
Gampaha,house,1,2,4314,69700000.0
Galle,house,2,3,3703,68300000.0
Battaramulla,apartment,1,2,2777,82200000.0
Colombo,apartment,4,3,4430,203900000.0
Kurunegala,house,5,1,1011,19700000.0
Galle,house,3,1,1735,34900000.0
Nugegoda,land,0,0,4137,65100000.0
Rajagiriya,apartment,5,4,2587,96700000.0
Negombo,house,5,5,1667,41200000.0
Kandy,apartment,1,1,3519,71800000.0
Galle,apartment,5,2,2107,52200000.0
Kurunegala,house,4,4,3220,48600000.0
Rajagiriya,apartment,3,4,4481,155800000.0
Kandy,land,0,0,4405,48500000.0
Kandy,house,2,1,2377,42100000.0
Galle,house,1,1,4497,79500000.0
Rajagiriya,apartment,3,2,4147,139900000.0
Colombo,land,0,0,5158,128700000.0
Negombo,house,1,1,3675,66400000.0
Galle,house,1,2,4422,77900000.0
Negombo,house,5,3,1967,44700000.0
Galle,house,4,2,3419,69000000.0
Rajagiriya,land,0,0,8227,158600000.0
Negombo,house,3,3,4122,78900000.0
Gampaha,house,3,2,2229,41600000.0
Kurunegala,land,0,0,6443,53600000.0
Dehiwala,land,0,0,3223,58400000.0
Galle,apartment,3,2,4561,97400000.0
Dehiwala,house,5,1,1489,44000000.0
Kurunegala,land,0,0,2949,24200000.0
Rajagiriya,house,5,6,2516,82300000.0
Galle,house,2,3,1006,23500000.0
Kurunegala,apartment,5,1,2816,51000000.0
Rajagiriya,house,1,2,831,27400000.0
Negombo,apartment,5,4,4698,114300000.0
Kandy,house,1,1,1211,22100000.0
Kurunegala,house,1,2,2548,33900000.0
Battaramulla,land,0,0,2586,43600000.0
Gampaha,apartment,4,3,3632,78100000.0
Negombo,apartment,5,6,2287,59900000.0
Rajagiriya,land,0,0,7895,147200000.0
Gampaha,land,0,0,5930,61800000.0
Gampaha,house,4,3,881,21900000.0
Kurunegala,land,0,0,1293,10900000.0
Kandy,house,1,1,1036,19200000.0
Rajagiriya,house,3,4,3866,119600000.0
Rajagiriya,house,4,5,2169,74100000.0
Kandy,house,4,4,2196,45100000.0
Kurunegala,apartment,2,3,2603,43500000.0
Kandy,house,4,1,3568,61000000.0
Kandy,house,5,2,3672,69000000.0
Nugegoda,apartment,5,6,3836,120100000.0
Rajagiriya,house,2,3,1310,43500000.0
Nugegoda,house,5,1,3813,94900000.0
Kurunegala,house,3,3,1752,27700000.0
Negombo,apartment,2,2,3279,74000000.0
Galle,apartment,5,6,1140,38200000.0
Colombo,apartment,2,2,3977,178700000.0
Galle,apartment,2,3,2432,55800000.0
Nugegoda,house,2,1,860,23700000.0
Galle,house,1,2,3131,57500000.0
Negombo,apartment,5,5,3452,90900000.0
Nugegoda,apartment,3,3,1412,47700000.0
Rajagiriya,house,1,1,907,27700000.0
Battaramulla,house,1,1,2856,69000000.0
Kandy,house,4,2,3656,63700000.0
Kurunegala,house,5,5,1617,33300000.0
Nugegoda,apartment,1,2,1990,57400000.0
Dehiwala,house,1,2,3098,80300000.0
Kandy,apartment,2,3,1066,26600000.0
Colombo,land,0,0,5358,128900000.0
Battaramulla,house,5,4,856,30700000.0
Rajagiriya,house,1,1,2327,68200000.0
Colombo,house,2,3,2446,91400000.0
Galle,house,1,2,4565,81900000.0
Nugegoda,apartment,5,5,753,34600000.0
Dehiwala,apartment,3,3,4639,144300000.0
Kandy,house,3,1,1039,23100000.0
Negombo,house,2,2,3227,61600000.0
Colombo,apartment,1,1,4674,202700000.0
Kurunegala,apartment,1,2,3366,53300000.0
Rajagiriya,house,2,2,4816,144800000.0
Negombo,house,4,1,3596,71000000.0
Nugegoda,house,2,3,3887,93600000.0
Galle,house,2,2,986,22700000.0
Battaramulla,house,5,4,1410,45800000.0
Kandy,house,3,2,2000,36700000.0
Gampaha,house,1,1,2217,36000000.0
Colombo,house,3,1,1165,46100000.0
Galle,house,4,3,4924,90700000.0
Gampaha,house,5,2,2197,42300000.0
Dehiwala,house,5,3,962,34900000.0
Galle,apartment,1,2,3792,80900000.0
Battaramulla,house,3,1,3831,101200000.0
Gampaha,house,5,5,2279,45600000.0
Negombo,house,5,1,4579,94400000.0
Nugegoda,house,3,2,1987,51700000.0
Dehiwala,house,4,5,3062,85000000.0
Kurunegala,house,3,1,1725,27200000.0
Colombo,house,3,4,4525,165000000.0
Galle,house,3,2,3013,59700000.0
Kurunegala,house,2,1,1152,18500000.0
Dehiwala,apartment,3,2,922,34400000.0
Battaramulla,house,1,1,4755,120200000.0
Nugegoda,land,0,0,2694,42000000.0
Rajagiriya,house,2,1,2210,62800000.0
Nugegoda,house,2,3,1021,28600000.0
Rajagiriya,land,0,0,4174,84900000.0
Kandy,apartment,1,2,2941,62500000.0
Nugegoda,house,3,1,1023,30200000.0
Gampaha,house,4,1,2008,37900000.0
Colombo,apartment,5,1,1387,63900000.0
Nugegoda,house,1,2,4878,119000000.0
Kurunegala,house,4,1,2481,37300000.0
Negombo,apartment,5,2,969,31600000.0
Negombo,apartment,4,2,2144,52700000.0
Negombo,apartment,5,3,4332,99900000.0
Dehiwala,apartment,2,3,1140,39300000.0
Colombo,house,3,1,2897,102300000.0
Dehiwala,house,5,2,4166,112500000.0
Negombo,house,3,3,3359,67900000.0
Kurunegala,house,5,1,2489,40200000.0
Nugegoda,land,0,0,7121,111800000.0
Negombo,house,1,1,4155,77900000.0
Kandy,house,2,2,2387,42200000.0
Dehiwala,house,4,2,3370,92400000.0
Colombo,house,4,1,3543,129900000.0
Galle,house,2,1,2013,37900000.0
Galle,house,3,2,3927,69700000.0
Colombo,house,5,2,2211,83200000.0
Dehiwala,house,5,6,3243,96300000.0
Galle,house,5,1,782,21100000.0
Negombo,apartment,5,6,3142,80600000.0
Rajagiriya,apartment,2,2,2410,85500000.0
Gampaha,apartment,3,2,1349,29800000.0
Gampaha,apartment,5,4,4780,96100000.0
Nugegoda,house,1,1,3745,89500000.0
Dehiwala,house,2,2,4821,127100000.0
Kandy,land,0,0,5779,64400000.0
Battaramulla,house,1,1,2377,61400000.0
Colombo,house,4,3,2552,98900000.0
Kandy,apartment,4,2,4061,88800000.0
Kurunegala,apartment,5,2,4208,71100000.0
Dehiwala,house,4,3,777,28200000.0
Kandy,house,1,2,1088,21400000.0
Kurunegala,house,5,6,2607,43200000.0
Dehiwala,apartment,4,4,4245,134000000.0
Galle,house,5,5,1649,41600000.0
Negombo,house,1,2,2383,47300000.0
Negombo,house,4,3,3955,82000000.0
Negombo,house,3,1,3384,66600000.0
Dehiwala,house,2,1,4773,125000000.0
Galle,house,2,1,2732,52200000.0
Dehiwala,apartment,3,1,4396,139800000.0
Nugegoda,apartment,1,2,3119,89300000.0
Galle,apartment,5,4,1169,36800000.0
Negombo,apartment,4,2,2874,70200000.0
Nugegoda,house,1,1,3313,77200000.0
Negombo,house,2,2,1364,29400000.0
Dehiwala,house,4,5,2462,72500000.0
Battaramulla,apartment,3,3,2128,69800000.0
Battaramulla,apartment,5,5,4732,143500000.0
Negombo,apartment,2,2,2911,67600000.0
Dehiwala,land,0,0,7141,119400000.0
Negombo,apartment,3,2,3932,87900000.0
Dehiwala,house,1,1,3306,85600000.0
Colombo,land,0,0,6158,151500000.0
Dehiwala,apartment,1,1,3715,109400000.0
Nugegoda,apartment,3,1,4003,121000000.0
Dehiwala,house,4,2,936,31400000.0
Gampaha,apartment,4,4,4150,86900000.0
Gampaha,house,5,3,1835,37700000.0
Galle,house,3,3,3718,70900000.0
Dehiwala,house,4,4,1587,51900000.0
Rajagiriya,apartment,1,1,989,35600000.0
Battaramulla,apartment,3,3,2776,90400000.0
Dehiwala,house,2,1,899,27200000.0
Gampaha,apartment,4,3,3751,77000000.0
Battaramulla,land,0,0,7144,115700000.0
Kandy,house,3,2,1914,38200000.0
Dehiwala,house,2,1,2509,68400000.0
Kurunegala,house,3,1,2087,29100000.0
Dehiwala,apartment,2,2,4090,129700000.0
Kandy,apartment,2,3,4537,96100000.0
Galle,apartment,3,2,1361,35000000.0
Kurunegala,house,5,4,2459,42900000.0
Battaramulla,apartment,1,2,3461,101100000.0
Kurunegala,house,5,4,3248,52800000.0
Gampaha,house,4,2,2492,44600000.0
Battaramulla,land,0,0,5090,89300000.0
Colombo,apartment,2,2,913,42000000.0
Battaramulla,apartment,2,3,2627,78300000.0
Dehiwala,house,1,1,2098,55400000.0
Nugegoda,house,3,3,1182,35200000.0
Battaramulla,land,0,0,2070,34600000.0
Dehiwala,apartment,5,6,845,37000000.0
Nugegoda,house,2,1,1298,32300000.0
Colombo,apartment,5,2,1093,55900000.0
Gampaha,apartment,1,2,4630,88900000.0
Kandy,house,4,4,4422,77600000.0
Kandy,apartment,4,4,4665,97600000.0
Colombo,house,4,2,2104,77800000.0
Rajagiriya,house,4,4,2326,76000000.0
Gampaha,house,5,3,1885,39700000.0
Kurunegala,apartment,3,2,3956,66300000.0
Kurunegala,house,5,5,4697,70300000.0
Dehiwala,house,5,2,1172,36900000.0
Dehiwala,apartment,1,2,1437,46300000.0
Rajagiriya,house,4,2,1184,40800000.0
Kurunegala,house,5,3,1597,30600000.0
Kandy,house,1,1,2862,48200000.0
Gampaha,apartment,4,5,815,25900000.0
Battaramulla,apartment,5,6,1334,50600000.0
Rajagiriya,land,0,0,2748,55800000.0
Nugegoda,house,1,1,2192,50500000.0
Negombo,house,3,2,1055,26300000.0
Nugegoda,house,5,1,3489,90300000.0
Nugegoda,house,5,1,3918,94700000.0
Nugegoda,house,4,2,768,26000000.0
Nugegoda,house,2,3,3281,80200000.0
Gampaha,house,5,1,3952,66300000.0
Nugegoda,house,3,1,4472,106400000.0
Colombo,apartment,1,2,2465,105900000.0
Rajagiriya,house,3,3,4757,147100000.0
Battaramulla,house,5,4,793,29600000.0
Nugegoda,house,4,5,2864,75800000.0
Negombo,apartment,5,4,1090,36700000.0
Colombo,apartment,1,2,4922,213300000.0
Galle,land,0,0,3182,36700000.0
Negombo,house,3,1,1819,39200000.0
Kandy,apartment,4,1,4111,88200000.0
Kurunegala,house,4,1,2949,43300000.0
Kurunegala,apartment,2,1,3117,48600000.0
Rajagiriya,house,3,3,4693,137900000.0
Colombo,house,4,4,3273,123700000.0
Kandy,house,1,1,3071,51500000.0
Gampaha,house,4,1,4823,82200000.0
Negombo,house,4,3,4186,88000000.0
Gampaha,house,3,3,2293,40700000.0
Nugegoda,house,3,1,1601,43800000.0
Galle,house,3,3,813,21300000.0
Gampaha,apartment,2,2,3804,71700000.0
Kandy,apartment,5,5,809,28500000.0
Dehiwala,house,1,2,939,27900000.0
Kandy,apartment,1,2,1555,34300000.0
Gampaha,house,5,6,2105,43700000.0
Gampaha,apartment,3,4,891,25200000.0
Nugegoda,apartment,2,3,1885,60200000.0
Negombo,house,5,2,2298,52500000.0
Nugegoda,house,1,2,3812,94800000.0
Nugegoda,house,3,4,3116,77900000.0
Kandy,house,1,1,2778,46900000.0
Kurunegala,house,3,1,1597,25700000.0
Dehiwala,house,2,2,3633,97000000.0
Kurunegala,apartment,5,2,4001,66500000.0
Gampaha,house,3,2,3566,58800000.0
Kurunegala,apartment,3,2,4649,74700000.0
Kandy,house,3,2,1536,30700000.0
Dehiwala,apartment,5,6,3153,106800000.0
Rajagiriya,land,0,0,9953,196500000.0
Galle,house,5,1,1835,38700000.0
Kurunegala,apartment,3,1,3098,50400000.0
Kurunegala,house,5,1,2744,40100000.0
Gampaha,house,5,2,1999,38500000.0
Nugegoda,house,4,1,3543,85000000.0
Dehiwala,land,0,0,2268,38100000.0
Nugegoda,house,2,1,4443,109400000.0
Gampaha,house,2,1,4694,75100000.0
Nugegoda,land,0,0,1131,17500000.0
Kandy,land,0,0,6906,74300000.0
Kandy,house,1,2,805,16400000.0
Battaramulla,apartment,5,2,4690,137700000.0
Colombo,apartment,3,4,1344,64000000.0
Rajagiriya,house,5,6,4140,129600000.0
Galle,apartment,4,2,1790,44400000.0
Battaramulla,land,0,0,3946,69300000.0
Colombo,house,3,2,4622,175700000.0
Kurunegala,house,3,1,2662,37300000.0
Battaramulla,apartment,3,3,4354,130100000.0
Gampaha,house,2,3,2828,50700000.0
Negombo,apartment,3,4,1919,48600000.0
Colombo,house,5,5,2883,118700000.0
Battaramulla,house,3,3,3497,92300000.0
Gampaha,land,0,0,4855,52300000.0
Battaramulla,house,4,4,2301,67100000.0
Colombo,house,4,2,3173,121300000.0
Kandy,house,1,1,3106,53800000.0
Battaramulla,apartment,3,3,3312,100000000.0
Colombo,apartment,5,2,4698,203000000.0
Dehiwala,house,3,1,2272,63600000.0
Nugegoda,house,3,2,1406,37700000.0
Gampaha,house,1,1,4501,70500000.0
Nugegoda,apartment,2,3,1497,49300000.0
Colombo,house,3,3,4777,166300000.0
Colombo,house,1,2,4353,154500000.0
Kurunegala,apartment,1,2,2310,35700000.0
Battaramulla,house,2,3,4679,117600000.0
Dehiwala,house,1,2,4346,107400000.0
Colombo,apartment,4,2,3327,149000000.0
Kandy,house,4,4,3274,61400000.0
Colombo,house,2,2,1457,54700000.0
Nugegoda,house,4,2,4156,101400000.0
Rajagiriya,apartment,2,3,1358,53100000.0
Battaramulla,apartment,5,4,995,41800000.0
Nugegoda,house,4,5,4778,126200000.0
Negombo,house,4,3,4803,96200000.0
Kurunegala,house,2,2,4177,57000000.0
Dehiwala,house,4,3,2084,59300000.0
Colombo,land,0,0,4215,99500000.0
Colombo,house,5,2,2022,79700000.0
Nugegoda,house,5,6,1285,42300000.0
Dehiwala,apartment,4,2,2153,72900000.0
Kandy,apartment,4,1,4083,84800000.0
Nugegoda,apartment,2,1,3649,109900000.0
Colombo,house,2,2,2521,90500000.0
Negombo,house,5,6,4140,88100000.0
Battaramulla,apartment,4,1,2189,68800000.0
Kandy,apartment,1,1,4464,88900000.0
Colombo,house,5,3,3001,119000000.0
Rajagiriya,house,4,5,765,32600000.0
Battaramulla,house,3,3,2496,68600000.0
Colombo,house,1,1,4241,158200000.0
Battaramulla,house,3,1,1814,50000000.0
Kandy,apartment,1,2,3455,67100000.0
Battaramulla,apartment,2,2,4529,135300000.0
Nugegoda,apartment,5,3,2640,85300000.0
Kurunegala,apartment,3,2,1013,20200000.0
Gampaha,apartment,3,3,1060,25300000.0
Colombo,house,3,2,3088,115500000.0
Gampaha,house,4,3,3172,56300000.0
Battaramulla,apartment,5,3,4251,136200000.0
Kandy,apartment,3,4,2352,55600000.0
Rajagiriya,house,1,2,1652,47700000.0
Nugegoda,house,2,1,4254,100500000.0
Gampaha,land,0,0,5694,57300000.0
Gampaha,house,4,2,3455,57300000.0
Nugegoda,apartment,1,2,1781,52000000.0
Battaramulla,house,4,4,2608,73300000.0
Kandy,apartment,3,2,4587,94500000.0
Kandy,house,4,5,1325,33300000.0
Negombo,house,5,1,4368,87700000.0
Kurunegala,apartment,2,3,3217,52600000.0
Negombo,house,1,1,1625,30200000.0
Negombo,land,0,0,9796,127900000.0
Kurunegala,house,5,5,4529,66500000.0
Colombo,apartment,2,3,1620,76700000.0
Kandy,apartment,1,2,4576,93800000.0
Negombo,house,3,2,3279,63000000.0
Colombo,land,0,0,2327,58100000.0
Kandy,house,4,2,2055,39300000.0
Negombo,house,2,1,1514,30300000.0
Galle,apartment,1,1,4554,99900000.0
Kandy,apartment,2,1,4863,97100000.0
Dehiwala,house,4,3,1311,41300000.0
Dehiwala,house,4,4,3431,97800000.0
Nugegoda,house,4,1,2202,56400000.0
Gampaha,house,1,1,4413,68200000.0
Rajagiriya,house,3,3,4098,117000000.0
Negombo,apartment,1,1,1931,44500000.0
Battaramulla,apartment,4,2,1108,39500000.0
Battaramulla,house,1,1,2374,57000000.0
Battaramulla,apartment,5,2,1725,61300000.0
Battaramulla,house,4,5,1305,44200000.0
Galle,land,0,0,8483,97900000.0
Negombo,house,3,3,1040,26300000.0
Gampaha,land,0,0,9050,99800000.0
Kandy,house,2,1,2006,37200000.0
Nugegoda,apartment,3,2,2547,76600000.0
Gampaha,house,4,1,2238,40000000.0
Battaramulla,house,5,5,1354,45600000.0
Rajagiriya,apartment,3,2,3702,131700000.0
Battaramulla,apartment,4,4,1143,44800000.0
Galle,house,3,4,4179,75600000.0
Dehiwala,land,0,0,9330,167400000.0
Galle,apartment,1,2,1823,41300000.0
Gampaha,house,5,2,911,24000000.0
Colombo,house,5,6,4738,186300000.0
Gampaha,land,0,0,6909,71800000.0
Colombo,apartment,4,4,3594,153900000.0
Nugegoda,apartment,3,1,3197,95000000.0
Galle,house,1,2,2762,49700000.0
Kurunegala,apartment,2,1,1998,33400000.0
Kurunegala,house,1,2,2720,34400000.0
Kandy,house,4,1,3575,61300000.0
Dehiwala,house,4,1,4473,124500000.0
Rajagiriya,apartment,5,1,2803,102900000.0
Negombo,apartment,1,2,4170,89600000.0
Kandy,house,3,3,4776,80900000.0
Nugegoda,apartment,2,3,3968,116900000.0
Colombo,house,5,2,4747,180300000.0
Colombo,house,2,1,1084,43600000.0
Kandy,apartment,1,2,3056,59100000.0
Rajagiriya,apartment,5,6,4362,159600000.0
Kandy,apartment,5,1,2254,53500000.0
Nugegoda,land,0,0,7019,115200000.0
Colombo,house,1,1,1725,63400000.0
Negombo,apartment,3,1,4483,102000000.0
Nugegoda,apartment,1,2,951,29900000.0
Battaramulla,house,2,1,4227,102500000.0
Dehiwala,house,3,2,3556,92800000.0
Kurunegala,apartment,2,3,1389,26100000.0
Negombo,apartment,1,2,3842,87000000.0
Kandy,house,3,3,1660,33700000.0
Galle,house,2,2,3294,59300000.0
Gampaha,land,0,0,3273,33200000.0
Kandy,apartment,2,2,4726,99300000.0
Kandy,house,3,4,1440,32200000.0
Galle,house,4,4,4314,83000000.0
Galle,house,3,1,3127,55800000.0
Kandy,house,1,2,1635,28700000.0
Gampaha,house,1,2,1094,19400000.0
Battaramulla,apartment,1,2,1702,54200000.0
Kurunegala,apartment,2,1,2557,42200000.0
Battaramulla,house,2,2,1305,34800000.0
Negombo,house,3,4,1715,39600000.0
Galle,house,1,2,4452,80900000.0
Rajagiriya,house,1,2,4575,129500000.0
Dehiwala,house,5,1,801,28300000.0
Gampaha,house,5,5,2522,52100000.0
Colombo,house,3,3,3166,122400000.0
Rajagiriya,house,3,1,2915,85300000.0
Galle,house,1,2,2910,50800000.0
Kandy,house,4,5,856,23500000.0
Kandy,house,2,2,4990,81700000.0
Rajagiriya,apartment,3,4,835,37900000.0
Gampaha,apartment,1,2,2322,44000000.0
Negombo,house,5,6,4099,85400000.0
Kandy,house,4,4,4932,91100000.0
Galle,apartment,2,2,1075,26600000.0
Colombo,house,1,2,1705,65100000.0
Colombo,apartment,4,5,2786,124000000.0
Galle,house,2,3,3206,63300000.0
Negombo,apartment,5,3,4304,105100000.0
Kandy,house,3,1,3721,67000000.0
Rajagiriya,land,0,0,9645,187100000.0
Kurunegala,house,4,1,2498,36800000.0
Battaramulla,house,4,3,2159,61500000.0
Galle,house,1,2,1280,24700000.0
Galle,apartment,3,2,2023,47000000.0
Kurunegala,house,5,2,2597,41500000.0
Rajagiriya,apartment,1,1,3714,130100000.0
Galle,house,1,1,3358,59800000.0
Nugegoda,house,2,3,2679,69700000.0
Nugegoda,apartment,4,5,1464,50600000.0
Dehiwala,apartment,5,4,3761,123900000.0
Nugegoda,house,5,6,4691,117300000.0
Colombo,apartment,4,4,1174,57600000.0
Colombo,land,0,0,2233,55500000.0
Nugegoda,house,3,1,882,26500000.0
Gampaha,house,2,2,4712,72200000.0
Gampaha,land,0,0,3944,40900000.0
Colombo,house,2,1,833,33200000.0
Rajagiriya,apartment,3,2,2592,92600000.0
Galle,house,1,1,758,15200000.0
Gampaha,house,1,2,1015,18400000.0
Dehiwala,house,3,2,2099,60500000.0
Dehiwala,house,1,2,1808,48900000.0
Colombo,apartment,4,2,3320,148700000.0
Kandy,house,1,1,4264,72100000.0
Kandy,house,2,3,2144,40100000.0
Kandy,house,1,1,2370,41600000.0
Battaramulla,house,4,5,3326,93200000.0
Kurunegala,apartment,2,2,2187,35500000.0
Galle,house,3,1,4916,88900000.0
Colombo,house,4,2,1143,49400000.0
Kandy,house,2,1,1375,25600000.0
Negombo,house,2,1,4172,78300000.0
Kurunegala,house,5,3,2806,42200000.0
Kurunegala,house,1,1,1105,15900000.0
Kandy,house,1,1,3217,54900000.0
Battaramulla,house,1,2,4734,112000000.0
Negombo,apartment,3,4,2395,61700000.0
Battaramulla,house,2,3,1388,40900000.0
Gampaha,apartment,2,3,4995,100200000.0
Rajagiriya,house,2,2,2125,64100000.0
Gampaha,apartment,2,3,830,21700000.0
Rajagiriya,house,4,2,872,33000000.0
Dehiwala,apartment,2,3,2144,68500000.0
Battaramulla,house,2,1,2691,66400000.0
Rajagiriya,house,4,4,1884,63800000.0
Colombo,apartment,2,2,4430,182700000.0
Dehiwala,house,1,2,1605,44900000.0
Negombo,house,4,3,3348,67100000.0
Battaramulla,apartment,2,1,1429,46000000.0
Dehiwala,house,3,1,2234,62900000.0
Dehiwala,house,5,5,3097,88700000.0
Gampaha,house,3,2,3758,60700000.0
Kurunegala,house,1,2,3924,49300000.0
Battaramulla,house,2,1,1285,36600000.0
Dehiwala,land,0,0,3738,68600000.0
Kandy,house,4,4,4819,91200000.0
Rajagiriya,land,0,0,6737,126100000.0
Negombo,house,4,3,2851,60100000.0
Kandy,house,4,2,4981,84000000.0
Battaramulla,house,1,1,1384,34900000.0
Colombo,house,2,3,4140,151100000.0
Nugegoda,house,5,5,4421,113400000.0
Kandy,house,3,4,3327,60300000.0
Rajagiriya,house,5,5,3997,120000000.0
Colombo,house,2,3,4497,156900000.0
Negombo,house,5,5,2129,52200000.0
Kandy,house,3,4,4874,89800000.0
Galle,apartment,1,1,2289,51100000.0
Dehiwala,house,5,1,1855,54200000.0
Battaramulla,house,2,3,777,24500000.0
Nugegoda,house,2,2,2911,72300000.0
Rajagiriya,house,4,5,994,40600000.0
Nugegoda,house,4,1,2495,61700000.0
Kandy,house,2,1,3546,62500000.0
Kurunegala,house,5,5,1106,26500000.0
Colombo,house,3,4,1576,62000000.0
Battaramulla,house,5,4,3332,95300000.0
Kandy,house,4,1,3603,63700000.0
Gampaha,apartment,1,1,1165,23100000.0
Gampaha,house,5,6,2685,54400000.0
Nugegoda,land,0,0,2501,42100000.0
Kurunegala,house,3,1,4656,63800000.0
Gampaha,land,0,0,1542,16600000.0
Nugegoda,land,0,0,1884,29400000.0
Negombo,house,1,1,2471,46000000.0
Negombo,house,1,1,1878,37400000.0
Negombo,house,2,2,2751,55400000.0
Gampaha,apartment,3,4,2181,47600000.0
Gampaha,house,4,4,2078,42500000.0
Battaramulla,apartment,2,3,3616,114500000.0
Battaramulla,apartment,1,1,4476,137000000.0
Battaramulla,apartment,2,2,4883,143300000.0
Rajagiriya,apartment,1,1,4576,148800000.0
Galle,land,0,0,5491,67400000.0
Colombo,apartment,2,2,4255,175500000.0
Galle,apartment,2,2,2436,55300000.0
Dehiwala,house,3,4,1247,40200000.0
Nugegoda,house,3,4,1555,43900000.0
Nugegoda,house,1,2,2295,54300000.0
Nugegoda,land,0,0,5687,89600000.0
Nugegoda,house,5,6,4799,129400000.0
Kurunegala,apartment,3,2,3529,58500000.0
Galle,house,3,2,3969,74200000.0
Gampaha,apartment,1,1,3810,69900000.0
Kandy,apartment,2,3,4213,88600000.0
Kurunegala,house,4,4,1706,30100000.0
Nugegoda,house,1,2,3497,86500000.0
Negombo,land,0,0,4763,60100000.0
Battaramulla,house,1,2,2778,68100000.0
Gampaha,apartment,3,1,1157,27600000.0
Kurunegala,house,3,2,2510,35200000.0
Rajagiriya,house,3,2,1724,54700000.0
Negombo,apartment,1,1,1475,36000000.0
Rajagiriya,house,2,1,4849,134900000.0
Dehiwala,house,5,2,1627,50900000.0
Gampaha,apartment,2,2,2424,50300000.0
Rajagiriya,house,2,2,4789,139600000.0
Nugegoda,apartment,1,2,3495,103200000.0
Negombo,apartment,4,4,2814,68400000.0
Negombo,house,2,2,819,20500000.0
Battaramulla,apartment,3,2,2037,64400000.0
Galle,apartment,3,1,1494,36600000.0
Rajagiriya,house,5,1,1691,57300000.0
Gampaha,house,4,1,4636,73300000.0
Kurunegala,house,4,1,3350,49400000.0
Galle,house,3,4,2265,44800000.0
Gampaha,house,4,1,4676,78700000.0
Kandy,house,1,1,2797,46900000.0
Colombo,land,0,0,8378,204700000.0
Dehiwala,apartment,2,2,2801,91000000.0
Gampaha,apartment,1,2,4073,73800000.0
Kurunegala,apartment,4,5,1335,31300000.0
Galle,house,5,5,1109,32900000.0
Negombo,house,1,1,3562,65400000.0
Kurunegala,house,5,2,3518,50400000.0
Colombo,apartment,1,1,1301,56100000.0
Galle,apartment,1,1,1356,30700000.0
Colombo,apartment,2,2,3344,152100000.0
Nugegoda,house,5,2,3955,98900000.0
Galle,land,0,0,4173,48000000.0
Kandy,house,3,4,3162,59800000.0
Dehiwala,apartment,5,6,3477,119500000.0
Colombo,land,0,0,2955,73900000.0
Negombo,house,2,3,3661,74400000.0
Colombo,house,1,1,2653,95400000.0
Rajagiriya,house,2,1,3585,99200000.0
Galle,apartment,3,3,2275,51800000.0
Gampaha,house,5,1,2708,51200000.0
Dehiwala,house,5,5,4844,134900000.0
Battaramulla,apartment,3,4,4145,131400000.0
Rajagiriya,house,3,4,1771,59300000.0
Negombo,house,3,1,857,20100000.0
Negombo,house,2,1,4325,79100000.0
Colombo,apartment,4,2,1598,74900000.0
Battaramulla,house,2,3,1326,36200000.0
Negombo,house,3,1,2105,43500000.0
Battaramulla,house,2,2,4958,118200000.0
Colombo,house,3,2,2126,83900000.0
Negombo,house,1,1,3637,67100000.0
Colombo,house,2,1,2187,76700000.0
Nugegoda,land,0,0,5161,86800000.0
Rajagiriya,house,4,5,3493,112900000.0
Rajagiriya,house,3,4,951,33400000.0
Kurunegala,house,5,6,2698,45500000.0
Negombo,land,0,0,6887,82800000.0
Kurunegala,house,4,5,3041,47300000.0
Dehiwala,house,2,2,1957,54400000.0
Galle,house,5,2,4295,83400000.0
Colombo,house,1,1,3848,140800000.0
Galle,apartment,1,1,3007,61100000.0
Battaramulla,apartment,3,1,4552,137100000.0
Colombo,house,1,1,3644,134400000.0
Kandy,house,2,2,852,19400000.0
Nugegoda,house,4,2,951,31000000.0
Nugegoda,house,5,4,937,34200000.0
Dehiwala,house,1,2,804,22500000.0
Battaramulla,apartment,3,2,2302,74100000.0
Kandy,house,3,3,1109,24400000.0
Gampaha,house,5,4,2044,43100000.0
Gampaha,house,2,2,2528,41500000.0
Dehiwala,house,3,3,3015,81700000.0
Negombo,house,5,4,2295,52200000.0
Rajagiriya,house,3,4,2452,80600000.0
Kandy,house,1,2,4874,82700000.0
Nugegoda,house,2,3,1405,37600000.0
Negombo,apartment,5,5,4300,106400000.0
Rajagiriya,house,2,3,2766,84100000.0
Battaramulla,apartment,3,3,3859,115800000.0
Negombo,land,0,0,6077,76200000.0
Gampaha,house,5,3,820,22600000.0
Negombo,house,3,4,2152,49100000.0
Battaramulla,apartment,3,2,4121,131100000.0
Rajagiriya,apartment,4,5,2452,91000000.0
Kandy,house,4,5,4887,85200000.0
Nugegoda,house,1,1,2775,69400000.0
Nugegoda,apartment,2,1,4587,130700000.0
Rajagiriya,house,3,4,4941,139500000.0
Negombo,house,2,3,1834,38300000.0
Negombo,land,0,0,8337,107600000.0
Gampaha,house,3,2,3997,66700000.0
Kurunegala,house,1,1,1999,27400000.0
Battaramulla,house,1,1,856,24100000.0
Battaramulla,apartment,1,2,2320,67200000.0
Dehiwala,land,0,0,2532,44900000.0
Kurunegala,house,3,3,2365,34900000.0
Galle,apartment,5,4,4280,98500000.0
Kandy,house,1,1,2726,46500000.0
Dehiwala,house,4,5,1737,53500000.0
Kurunegala,apartment,1,1,2370,37800000.0
Dehiwala,house,3,4,1179,38300000.0
Galle,apartment,4,4,1216,34600000.0
Rajagiriya,apartment,2,3,4780,165200000.0
Negombo,apartment,2,3,1352,35700000.0
Gampaha,house,2,1,934,18700000.0
Battaramulla,house,5,5,2045,64000000.0
Kandy,land,0,0,2601,29500000.0
Gampaha,house,4,3,2001,37200000.0
Dehiwala,house,2,3,2523,70800000.0
Kandy,house,3,2,879,21200000.0
Negombo,apartment,3,1,1343,36200000.0
Gampaha,apartment,2,2,4949,93100000.0
Colombo,house,4,2,1201,48900000.0
Battaramulla,apartment,1,2,4575,132800000.0
Kurunegala,house,3,4,3811,55200000.0
Rajagiriya,apartment,1,1,1019,35700000.0
Battaramulla,house,5,1,1792,49300000.0
Negombo,house,2,2,2133,42100000.0
Rajagiriya,land,0,0,6474,132300000.0
Dehiwala,house,3,1,1725,50300000.0
Battaramulla,house,2,1,937,27100000.0
Nugegoda,apartment,1,2,847,26900000.0
Galle,house,5,4,1882,44100000.0
Gampaha,house,4,5,4586,80200000.0
Rajagiriya,house,3,1,2776,79800000.0
Negombo,house,3,2,989,23100000.0
Galle,apartment,5,6,4019,96600000.0
Kurunegala,house,5,5,911,24400000.0
Dehiwala,house,5,1,2371,69800000.0
Rajagiriya,house,2,2,866,29400000.0
Rajagiriya,house,3,3,3222,99900000.0
Rajagiriya,land,0,0,2274,45200000.0
Kurunegala,house,4,1,1392,23600000.0
Gampaha,house,2,2,1051,21000000.0
Galle,house,1,2,4409,79100000.0
Battaramulla,house,2,2,906,26200000.0
Gampaha,house,2,1,3167,51900000.0
Colombo,apartment,4,4,4214,195700000.0
Colombo,house,2,2,3242,122400000.0
Nugegoda,house,1,1,1278,32000000.0
Dehiwala,apartment,5,4,3049,104900000.0
Rajagiriya,house,5,4,2039,65900000.0
Battaramulla,land,0,0,5669,97800000.0
Negombo,apartment,1,1,3620,77400000.0
Galle,apartment,2,1,3890,79800000.0
Gampaha,apartment,1,2,4560,83800000.0
Kurunegala,apartment,1,1,4550,71400000.0
Galle,house,1,1,1143,21100000.0
Galle,house,2,2,4652,85200000.0
Kurunegala,house,5,3,1236,25800000.0
Rajagiriya,house,4,4,2940,89800000.0
Gampaha,apartment,4,5,2264,53100000.0
Nugegoda,house,2,2,4660,109200000.0
Nugegoda,apartment,2,3,3331,96400000.0
Battaramulla,apartment,2,1,4386,135000000.0
Kandy,house,5,2,1606,34400000.0
Dehiwala,house,5,5,4241,120500000.0
Kurunegala,house,2,3,1906,30200000.0
Negombo,apartment,3,2,4158,95600000.0
Kandy,house,3,3,3952,69600000.0
Dehiwala,house,4,2,2776,77000000.0
Rajagiriya,house,4,2,1239,41400000.0
Dehiwala,apartment,1,1,3394,105600000.0
Kurunegala,house,5,2,2575,39000000.0
Gampaha,apartment,3,1,779,19900000.0
Gampaha,house,2,3,3759,63500000.0
Kandy,house,4,3,2720,51400000.0
Negombo,apartment,5,3,1992,55300000.0
Gampaha,house,3,2,4413,74800000.0
Kurunegala,house,5,4,2047,35300000.0
Gampaha,house,1,1,4814,74500000.0
Rajagiriya,house,1,2,4889,142500000.0
Kurunegala,apartment,4,2,892,21000000.0
Rajagiriya,house,1,2,2769,80500000.0
Nugegoda,apartment,2,3,1083,37000000.0
Colombo,land,0,0,1253,32100000.0
Negombo,house,4,3,1219,31400000.0
Rajagiriya,house,1,2,930,30400000.0
Nugegoda,house,2,3,2313,61300000.0
Colombo,apartment,2,3,2163,101500000.0
Kurunegala,apartment,5,6,1507,33700000.0
Dehiwala,house,1,2,3478,88500000.0
Rajagiriya,house,4,1,1734,53200000.0
Colombo,house,2,3,875,34900000.0
Colombo,house,4,2,3880,136800000.0
Galle,land,0,0,9501,117000000.0
Rajagiriya,house,1,2,4560,132100000.0
Battaramulla,house,4,5,3216,90300000.0
Colombo,house,1,2,1834,68500000.0
Battaramulla,apartment,1,2,826,26000000.0
Nugegoda,apartment,4,3,4420,130700000.0
Galle,house,2,1,3887,67500000.0
Galle,apartment,4,3,1569,41500000.0
Dehiwala,house,4,2,2503,72300000.0
Dehiwala,house,2,3,822,27100000.0
Kurunegala,house,2,3,4172,54800000.0
Kandy,apartment,5,6,3745,88000000.0
Kandy,apartment,3,4,884,25000000.0
Battaramulla,house,5,6,3211,89400000.0
Nugegoda,land,0,0,8669,133300000.0
Kurunegala,apartment,5,6,3411,65500000.0
Kandy,house,4,3,2498,48300000.0
Negombo,land,0,0,9210,115500000.0
Dehiwala,apartment,3,4,1114,43300000.0
Gampaha,house,5,4,2944,58200000.0
Galle,house,2,2,1936,39200000.0
Gampaha,house,2,1,4851,73000000.0
Rajagiriya,house,5,3,1759,59000000.0
Negombo,land,0,0,1153,14800000.0
Gampaha,house,4,3,1720,34500000.0
Negombo,house,3,3,2245,45800000.0
Colombo,house,5,2,4908,179600000.0
Negombo,house,4,2,1228,31300000.0
Rajagiriya,house,4,4,1347,47800000.0
Nugegoda,house,4,2,4078,104300000.0
Colombo,apartment,3,3,2975,127600000.0
Battaramulla,house,3,4,1817,52300000.0
Rajagiriya,house,5,3,1367,49100000.0
Rajagiriya,house,5,3,1276,44300000.0
Dehiwala,house,4,3,3423,94800000.0
Galle,house,2,3,3759,68200000.0
Gampaha,apartment,3,1,3300,62800000.0
Negombo,house,2,3,4514,83100000.0
Kandy,apartment,3,2,4668,95100000.0
Kurunegala,house,5,3,2772,41900000.0
Negombo,house,3,4,4188,84600000.0
Rajagiriya,house,3,4,1276,46300000.0
Galle,house,1,2,2726,49300000.0
Gampaha,house,4,3,4264,72900000.0
Kandy,house,2,2,1143,22700000.0
Rajagiriya,apartment,5,4,1420,57800000.0
Gampaha,apartment,1,2,3002,56800000.0
Colombo,house,2,2,1867,67200000.0
Negombo,apartment,3,2,2382,57300000.0
Nugegoda,house,4,4,1268,38800000.0
Colombo,apartment,1,2,2144,95400000.0
Kurunegala,house,3,3,3890,51600000.0
Kandy,apartment,1,2,3935,79000000.0
Battaramulla,house,5,4,2636,78400000.0
Nugegoda,house,2,1,4123,101100000.0
Dehiwala,apartment,1,2,1586,51900000.0
Battaramulla,apartment,1,2,4572,137100000.0
Gampaha,apartment,5,4,4944,98200000.0
Negombo,house,3,1,2803,57300000.0
Colombo,land,0,0,8977,212000000.0
Dehiwala,land,0,0,1227,21800000.0
Kurunegala,house,2,1,2728,34900000.0
Gampaha,apartment,2,2,4285,78800000.0
Rajagiriya,house,4,1,2238,67700000.0
Rajagiriya,house,1,1,1209,37300000.0
Rajagiriya,apartment,4,3,2115,77200000.0
Colombo,apartment,4,4,3782,176900000.0
Rajagiriya,house,3,4,1431,49400000.0
Dehiwala,apartment,4,2,1949,64800000.0
Nugegoda,house,3,3,918,27600000.0
Dehiwala,house,5,6,3199,90500000.0
Rajagiriya,apartment,1,2,2323,78700000.0
Galle,apartment,5,2,3584,86100000.0
Kurunegala,house,2,2,4952,62800000.0
Negombo,house,3,4,1920,44900000.0
Kandy,apartment,2,1,1765,37200000.0
Battaramulla,house,1,2,4644,111000000.0
Colombo,house,2,3,821,34800000.0
Nugegoda,house,5,5,4507,114900000.0
Dehiwala,house,1,2,1473,41200000.0
Gampaha,house,3,2,3964,64000000.0
Kandy,house,5,3,2470,48200000.0
Dehiwala,house,4,5,4514,126900000.0
Dehiwala,apartment,4,2,2062,73300000.0
Rajagiriya,house,1,1,1747,53600000.0
Kandy,land,0,0,4581,48800000.0
Negombo,apartment,1,2,1904,46600000.0
Colombo,house,2,2,2982,110600000.0
Kurunegala,house,4,4,2293,36000000.0
Rajagiriya,house,5,5,2463,80700000.0
Dehiwala,land,0,0,6681,115700000.0
Kurunegala,house,4,2,1591,26300000.0
Rajagiriya,land,0,0,6982,137000000.0
Battaramulla,apartment,4,1,3038,95800000.0
Battaramulla,apartment,1,1,4860,140500000.0
Negombo,land,0,0,9588,120700000.0
Battaramulla,apartment,5,1,3406,104800000.0
Nugegoda,house,2,3,883,26000000.0
Kurunegala,house,3,2,2946,40400000.0
Kandy,house,4,1,1725,35000000.0
Nugegoda,land,0,0,3546,58400000.0
Kandy,apartment,1,1,2660,54500000.0
Battaramulla,land,0,0,9323,149600000.0
Colombo,house,3,2,3455,121400000.0
Kurunegala,apartment,1,2,4924,74400000.0
Dehiwala,apartment,5,6,4210,136500000.0
Battaramulla,house,3,1,2243,61500000.0
Colombo,apartment,5,2,3185,136500000.0
Battaramulla,house,4,2,1700,47200000.0
Kandy,house,2,2,1319,25400000.0
Galle,house,4,3,1621,37400000.0
Galle,house,1,1,2864,52900000.0
Negombo,house,2,2,3181,60700000.0
Negombo,land,0,0,8941,112500000.0
Galle,apartment,4,2,4114,88900000.0
Negombo,apartment,1,1,1186,28000000.0
Rajagiriya,house,2,2,3519,100500000.0
Nugegoda,house,5,5,3983,100400000.0
Colombo,house,4,3,838,38600000.0
Rajagiriya,house,2,1,1171,38300000.0
Rajagiriya,house,3,4,2564,83200000.0
Rajagiriya,apartment,5,4,2558,97700000.0
Galle,house,1,2,2526,47400000.0
Colombo,apartment,4,5,4303,194200000.0
Dehiwala,house,3,1,1247,35300000.0
Rajagiriya,land,0,0,1307,24700000.0
Gampaha,house,4,5,3783,64800000.0
Kurunegala,land,0,0,3021,24300000.0
Kurunegala,land,0,0,8127,70800000.0
Kurunegala,house,2,2,1506,22900000.0
Kandy,house,5,1,2714,49900000.0
Gampaha,apartment,1,1,1895,35800000.0
Battaramulla,house,5,1,1071,35600000.0
Galle,apartment,2,3,2962,68000000.0
Gampaha,house,1,1,2330,36200000.0
Nugegoda,house,3,2,4182,104300000.0
Gampaha,house,4,4,4717,81800000.0
Colombo,house,3,1,1590,58400000.0
Gampaha,apartment,1,2,3625,67300000.0
Nugegoda,house,5,1,2600,69800000.0
Negombo,apartment,3,4,3065,77300000.0
Kandy,house,4,3,3738,70200000.0
Galle,house,2,3,2529,51300000.0
Gampaha,apartment,1,1,2822,51000000.0
Colombo,house,3,2,2082,81900000.0
Kandy,apartment,3,4,2702,59000000.0
Gampaha,house,4,3,2822,49600000.0
Nugegoda,land,0,0,1815,29400000.0
Kurunegala,apartment,2,2,4117,64800000.0
Kurunegala,house,2,2,4323,59000000.0
Colombo,house,5,3,2354,91300000.0
Colombo,house,4,1,3422,129500000.0
Negombo,land,0,0,9550,118600000.0
Nugegoda,house,3,4,3451,87200000.0
Negombo,house,1,2,4700,85500000.0
Rajagiriya,house,2,2,3567,108600000.0
Kandy,house,4,4,1349,32800000.0
Colombo,house,2,2,3508,127300000.0
Battaramulla,house,1,2,2332,60300000.0
Kurunegala,house,5,4,3136,50100000.0
Rajagiriya,house,5,5,1239,46700000.0
Gampaha,land,0,0,1472,14800000.0
Negombo,house,2,1,4022,72700000.0
Dehiwala,house,1,2,3047,79900000.0
Negombo,land,0,0,8318,107600000.0
Kandy,apartment,2,1,3612,74700000.0
Negombo,house,2,3,3561,71600000.0
Kandy,house,2,1,872,17800000.0
Galle,house,5,1,4775,86300000.0
Negombo,house,5,4,4339,87600000.0
Kandy,house,4,3,1357,31900000.0
Kandy,house,3,1,2654,46800000.0
Galle,apartment,2,3,4524,97300000.0
Kurunegala,apartment,2,1,2816,42500000.0
Dehiwala,apartment,1,2,3740,118100000.0
Nugegoda,house,1,1,1367,34300000.0
Negombo,apartment,3,3,4059,94300000.0
Colombo,land,0,0,8424,201500000.0
Battaramulla,apartment,4,2,4902,152200000.0
Nugegoda,house,4,5,1159,36700000.0
Gampaha,house,1,1,2733,43700000.0
Negombo,house,1,2,3785,71100000.0
Nugegoda,house,3,3,4926,123600000.0
Nugegoda,house,1,1,4575,103900000.0
Gampaha,house,4,3,3720,61600000.0
Nugegoda,apartment,3,3,1894,62000000.0
Kurunegala,apartment,5,1,3932,65800000.0
Kandy,house,5,3,2406,51100000.0
Colombo,house,5,5,4835,175200000.0
Kandy,apartment,3,1,1826,38600000.0
Colombo,house,1,2,4776,163800000.0
Dehiwala,house,5,3,2121,63200000.0
Kurunegala,house,3,3,1513,25100000.0
Rajagiriya,house,4,4,3947,124900000.0
Kandy,apartment,2,1,4391,87100000.0
Dehiwala,house,2,3,1635,46100000.0
Battaramulla,house,5,5,759,30700000.0
Gampaha,apartment,4,5,4243,84800000.0
Kandy,house,2,1,2104,36700000.0
Kurunegala,apartment,4,5,3581,60700000.0
Battaramulla,land,0,0,6372,109200000.0
Battaramulla,apartment,1,1,1813,56600000.0
Colombo,land,0,0,5545,129800000.0
Colombo,house,5,4,4428,169500000.0
Negombo,house,3,4,1200,29600000.0
Nugegoda,house,5,4,1393,43700000.0
Colombo,house,5,1,2976,107200000.0
Kandy,house,4,5,2561,51100000.0
Kandy,apartment,2,1,4618,95900000.0
Rajagiriya,house,2,2,3561,107900000.0
Gampaha,land,0,0,7686,83300000.0
Kandy,land,0,0,9360,99600000.0
Gampaha,house,4,4,4340,78800000.0
Battaramulla,apartment,2,1,4924,149200000.0
Colombo,house,1,2,3181,119200000.0
Kandy,land,0,0,3439,37000000.0
Nugegoda,house,1,1,3338,79600000.0
Kandy,house,2,2,4293,76600000.0
Gampaha,house,5,1,4743,81200000.0
Negombo,apartment,5,5,2964,78700000.0
Rajagiriya,apartment,4,5,2769,102800000.0
Dehiwala,house,1,1,3164,79000000.0
Kandy,house,4,2,3793,70700000.0
Gampaha,apartment,1,2,2595,48000000.0
Colombo,land,0,0,1463,35900000.0
Dehiwala,house,4,5,1065,38300000.0
Colombo,apartment,3,2,1802,84400000.0
Dehiwala,apartment,3,2,1297,43600000.0
Dehiwala,land,0,0,1106,18500000.0
Dehiwala,apartment,5,4,2000,71900000.0
Nugegoda,house,2,2,3519,86600000.0
Galle,house,1,2,4131,70200000.0
Nugegoda,apartment,1,1,3849,107500000.0
Nugegoda,house,3,3,1318,38900000.0
Nugegoda,house,4,4,900,31300000.0
Dehiwala,apartment,4,1,3177,107400000.0
Galle,house,5,6,3726,79300000.0
Rajagiriya,house,4,3,3851,116200000.0
Battaramulla,apartment,3,3,3588,112900000.0
Negombo,house,4,1,2008,42300000.0
Gampaha,land,0,0,3455,34800000.0
Nugegoda,house,3,4,3585,95000000.0
Kurunegala,apartment,5,5,4403,76900000.0
Negombo,house,3,4,1360,31800000.0
Dehiwala,house,2,3,1783,52900000.0
Colombo,house,3,2,2446,92600000.0
Dehiwala,land,0,0,5586,94200000.0
Colombo,house,1,2,3525,126400000.0
Nugegoda,land,0,0,9105,140100000.0
Gampaha,house,3,1,2849,46600000.0
Negombo,house,1,2,3831,75300000.0
Nugegoda,house,2,3,1790,46300000.0
Rajagiriya,house,4,4,1253,44600000.0
Galle,apartment,3,2,3338,72600000.0
Nugegoda,house,5,5,3594,92800000.0
Negombo,house,2,1,4134,80600000.0
Dehiwala,house,1,1,766,22600000.0
Gampaha,house,3,2,1699,32800000.0
Kandy,house,1,1,3062,51500000.0
Galle,house,5,1,4441,85400000.0
Colombo,house,2,3,922,37600000.0
Kurunegala,house,4,3,2860,41600000.0
Galle,house,5,5,3852,76900000.0
Galle,apartment,1,1,4498,98400000.0
Galle,apartment,1,1,4433,94200000.0
Battaramulla,house,3,3,3801,102000000.0
Kurunegala,apartment,3,1,3444,52700000.0
Galle,house,3,2,2407,46800000.0
Negombo,house,4,5,2976,66100000.0
Negombo,house,5,5,3593,78700000.0
Negombo,apartment,1,1,1175,28100000.0
Kandy,apartment,3,3,793,23500000.0
Kandy,house,3,1,4701,79700000.0
Battaramulla,house,3,4,2502,71900000.0
Colombo,land,0,0,6405,149500000.0
Negombo,house,1,1,2983,53900000.0
Kandy,apartment,4,3,2058,48200000.0
Battaramulla,house,1,1,2527,65000000.0
Gampaha,house,5,2,1085,25400000.0
Colombo,house,3,4,4916,174800000.0
Rajagiriya,house,1,2,1848,57500000.0
Gampaha,house,5,4,4090,69400000.0
Negombo,house,5,6,1715,42500000.0
Dehiwala,house,3,1,799,25500000.0
Battaramulla,apartment,4,5,2229,73400000.0
Nugegoda,house,4,1,3565,92100000.0
Negombo,apartment,4,2,1532,43000000.0
Battaramulla,house,3,3,4890,129600000.0
Nugegoda,apartment,2,1,4735,132000000.0
Kandy,house,4,5,1037,28100000.0
Battaramulla,apartment,2,3,3378,108300000.0
Rajagiriya,land,0,0,9143,182400000.0
Dehiwala,apartment,5,4,4452,149000000.0
Battaramulla,house,5,1,4122,107400000.0
Rajagiriya,land,0,0,3259,63100000.0
Negombo,house,4,5,1352,36900000.0
Galle,apartment,3,3,1550,39200000.0
Colombo,land,0,0,1372,34300000.0
Gampaha,apartment,3,4,4069,83600000.0
Gampaha,land,0,0,4888,50500000.0
Colombo,land,0,0,5693,144400000.0
Kurunegala,apartment,1,2,4635,69200000.0
Colombo,land,0,0,7115,170200000.0
Galle,apartment,4,5,3453,82600000.0
Gampaha,apartment,4,1,2888,61000000.0
Battaramulla,apartment,2,3,2840,84700000.0
Negombo,house,1,1,3568,66500000.0
Galle,apartment,3,2,1572,39100000.0
Battaramulla,apartment,2,3,4217,130600000.0
Nugegoda,house,4,5,948,33000000.0
Kandy,house,4,2,1552,32100000.0
Gampaha,house,2,2,3163,53200000.0
Nugegoda,house,1,2,2168,55600000.0
Rajagiriya,apartment,5,2,4077,146000000.0
Nugegoda,house,3,3,2735,71200000.0
Gampaha,house,4,3,3902,64900000.0
Kandy,house,2,3,3944,67700000.0
Kurunegala,house,3,4,1770,30700000.0
Kurunegala,apartment,1,2,3285,50200000.0
Rajagiriya,apartment,4,2,1776,65800000.0
Colombo,apartment,5,5,3914,171200000.0
Nugegoda,apartment,4,4,2343,73900000.0
Rajagiriya,house,1,2,3741,109000000.0
Dehiwala,apartment,5,1,1807,61500000.0
Colombo,apartment,3,1,4308,194800000.0
Gampaha,apartment,5,1,2916,58500000.0
Dehiwala,house,4,4,4142,116300000.0
Kandy,house,3,4,2395,48100000.0
Battaramulla,house,3,2,2395,65100000.0
Nugegoda,house,3,3,4408,107200000.0
Galle,apartment,3,1,2818,64900000.0
Colombo,apartment,5,5,2363,109000000.0
Gampaha,apartment,5,6,2560,56700000.0
Colombo,house,1,1,2091,75700000.0
Gampaha,land,0,0,4482,47600000.0
Battaramulla,apartment,4,4,4387,142000000.0
Galle,house,4,4,1342,34400000.0
Nugegoda,house,3,2,3250,82700000.0
Dehiwala,apartment,4,1,2656,87700000.0
Battaramulla,apartment,4,2,4508,132700000.0
Galle,apartment,5,5,4176,101400000.0
Nugegoda,house,5,1,1612,44200000.0
Colombo,house,5,4,2392,93400000.0
Kandy,house,5,4,2132,44100000.0
Galle,house,3,2,3949,75600000.0
Dehiwala,house,4,2,1317,41900000.0
Nugegoda,house,4,2,3558,86100000.0
Rajagiriya,house,2,3,3512,103600000.0
Kandy,apartment,4,3,4323,87900000.0
Nugegoda,house,4,5,3491,87500000.0
Negombo,house,1,2,4729,92600000.0
Kandy,house,4,3,1892,39700000.0
Galle,house,1,1,2647,48200000.0
Battaramulla,house,3,1,1262,34900000.0
Gampaha,house,3,4,2971,55100000.0
Galle,house,5,3,4090,81100000.0
Nugegoda,house,3,3,2830,70700000.0
Battaramulla,house,3,2,786,25900000.0
Battaramulla,house,4,5,3961,105000000.0
Rajagiriya,house,2,3,1349,41700000.0
Kandy,house,2,3,1321,27100000.0
Galle,house,2,2,4831,84700000.0
Gampaha,house,5,2,1349,28800000.0
Nugegoda,apartment,1,2,1703,50000000.0
Kurunegala,house,1,2,1390,19900000.0
Rajagiriya,house,4,3,4287,134500000.0
Colombo,house,3,1,2839,102200000.0
Gampaha,house,1,2,4728,75500000.0
Nugegoda,house,3,3,4794,117000000.0
Dehiwala,house,2,3,4854,121600000.0
Gampaha,house,1,1,1439,22900000.0
Galle,house,5,4,3615,70900000.0
Gampaha,apartment,2,3,3041,63200000.0
Dehiwala,apartment,1,2,2334,76800000.0
Dehiwala,house,4,3,1327,44200000.0
Kandy,house,5,4,3791,75100000.0
Gampaha,apartment,2,2,808,20200000.0
Kandy,apartment,5,5,3451,76500000.0
Nugegoda,house,1,1,2884,65900000.0
Gampaha,apartment,1,2,2021,40700000.0
Negombo,house,4,3,2681,56400000.0
Rajagiriya,house,4,4,3674,109700000.0
Gampaha,house,1,2,2012,35000000.0
Rajagiriya,apartment,5,6,4117,156400000.0
Kandy,house,2,3,4968,87700000.0
Kandy,apartment,5,5,4116,88300000.0
Nugegoda,house,1,2,4721,107300000.0
Nugegoda,land,0,0,1026,16100000.0
Rajagiriya,house,5,4,2491,84800000.0
Kurunegala,land,0,0,2714,22100000.0
Battaramulla,house,1,2,1451,40000000.0
Battaramulla,house,5,4,3794,106900000.0
Kandy,apartment,5,3,3552,76800000.0
Gampaha,apartment,1,2,4610,85700000.0
Negombo,house,5,5,2763,65000000.0
Rajagiriya,house,1,1,1770,49800000.0
Kurunegala,house,4,4,1187,25100000.0
Gampaha,house,4,4,1039,25000000.0
Battaramulla,house,2,3,4524,114200000.0
Colombo,house,2,1,4601,170900000.0
Dehiwala,house,3,2,2235,64400000.0
Kurunegala,land,0,0,3673,31900000.0
Gampaha,house,3,3,2590,44700000.0
Kurunegala,house,5,4,4277,63500000.0
Battaramulla,apartment,4,1,2273,72200000.0
Battaramulla,land,0,0,3700,59200000.0
Gampaha,apartment,3,3,3642,72400000.0
Dehiwala,house,5,2,2887,79800000.0
Negombo,house,4,3,2555,56800000.0
Colombo,apartment,5,1,1198,56800000.0
Gampaha,land,0,0,8554,91100000.0
Rajagiriya,apartment,3,1,1792,65900000.0
Nugegoda,house,1,1,3390,82200000.0
Colombo,house,4,2,4695,179900000.0
Battaramulla,land,0,0,3365,55500000.0
Kurunegala,house,1,1,3615,44800000.0
Rajagiriya,apartment,1,2,4139,139800000.0
Kandy,apartment,4,4,3712,82400000.0
Colombo,apartment,4,2,4473,200400000.0
Nugegoda,house,4,5,2293,63500000.0
Kurunegala,house,2,1,2511,32500000.0
Nugegoda,house,3,1,3588,92300000.0
Kurunegala,apartment,5,2,1804,34200000.0
Rajagiriya,house,4,5,875,33900000.0
Gampaha,apartment,3,1,4953,99200000.0
Gampaha,house,3,2,3213,55800000.0
Negombo,apartment,3,4,4722,114600000.0
Negombo,apartment,2,1,2886,69600000.0
Kurunegala,apartment,1,2,1905,29900000.0
Dehiwala,house,4,2,953,32600000.0
Rajagiriya,apartment,4,2,2065,77900000.0
Gampaha,house,4,4,3666,67700000.0
Dehiwala,house,2,3,3659,102300000.0
Kurunegala,apartment,4,5,3810,64700000.0
Galle,apartment,1,2,3575,78100000.0
Kurunegala,house,1,1,2416,30300000.0
Battaramulla,house,5,4,4865,126600000.0
Battaramulla,apartment,4,5,3165,99000000.0
Galle,land,0,0,4822,55800000.0
Kandy,house,5,5,1118,29000000.0
Battaramulla,land,0,0,7704,131200000.0
Colombo,apartment,4,4,1980,96900000.0
Negombo,house,1,2,1419,29900000.0
Gampaha,apartment,5,1,3384,71900000.0
Galle,apartment,5,6,3573,85600000.0
Rajagiriya,house,1,2,4644,131000000.0
Rajagiriya,land,0,0,3024,59800000.0
Nugegoda,house,1,1,1318,32300000.0
Kurunegala,house,5,2,1363,27100000.0
Kurunegala,apartment,2,2,4618,69500000.0
Colombo,house,5,1,794,36300000.0
Colombo,house,1,2,3037,112400000.0
Gampaha,house,5,1,3157,53800000.0
Colombo,apartment,3,1,4061,178000000.0
Gampaha,house,2,3,2871,51500000.0
Battaramulla,apartment,1,1,4100,124500000.0
Galle,apartment,5,2,3245,78400000.0
Nugegoda,apartment,4,2,1992,65900000.0
Galle,apartment,5,3,4400,102700000.0
Battaramulla,house,3,3,3545,91500000.0
Galle,house,1,1,1468,28600000.0
Battaramulla,apartment,4,1,1122,38600000.0
Colombo,house,1,2,1111,43700000.0
Colombo,house,4,1,2991,110600000.0
Gampaha,house,2,1,2846,46600000.0
Colombo,apartment,3,2,3471,149900000.0
Battaramulla,house,3,2,758,23900000.0
Colombo,land,0,0,2617,61700000.0
Nugegoda,apartment,2,3,1662,51600000.0
Kurunegala,house,3,4,1942,30500000.0
Kurunegala,house,1,1,1223,16700000.0
Gampaha,house,1,2,3791,58700000.0
Battaramulla,house,4,3,4760,123200000.0
Rajagiriya,house,2,1,1771,52800000.0
Gampaha,house,5,5,2121,42400000.0
Kurunegala,house,2,2,4372,58100000.0
Battaramulla,apartment,1,1,1346,40800000.0
Kurunegala,house,5,1,1068,20500000.0
Battaramulla,house,5,5,1478,46300000.0
Gampaha,land,0,0,1024,10300000.0
Rajagiriya,land,0,0,6107,116500000.0
Rajagiriya,house,5,5,4041,127600000.0
Rajagiriya,land,0,0,3479,71000000.0
Nugegoda,house,5,2,4080,108500000.0
Kurunegala,house,2,1,4123,52700000.0
Gampaha,house,2,2,2126,38700000.0
Rajagiriya,apartment,4,5,2376,88000000.0
Battaramulla,apartment,3,1,2457,74000000.0
Battaramulla,apartment,5,5,3746,121000000.0
Battaramulla,house,5,3,3755,100400000.0
Gampaha,house,3,2,3489,58500000.0
Dehiwala,house,3,4,3527,93700000.0
Gampaha,house,2,3,4471,70400000.0
Gampaha,apartment,5,6,2042,50000000.0
Negombo,house,3,4,2908,60200000.0
Colombo,house,2,1,1693,62200000.0
Rajagiriya,house,2,3,4196,118300000.0
Kandy,apartment,2,1,1009,24200000.0
Battaramulla,apartment,4,3,2311,73500000.0
Rajagiriya,house,4,2,4357,129900000.0
Negombo,house,3,3,1605,37200000.0
Negombo,house,5,4,4197,87400000.0
Galle,house,1,2,4498,81800000.0
Gampaha,house,5,5,4620,83200000.0
Battaramulla,apartment,3,3,1957,62400000.0
Nugegoda,house,1,1,4335,106500000.0
Nugegoda,apartment,1,2,4592,126200000.0
Kandy,house,2,1,2060,37800000.0
Negombo,house,3,3,2824,57900000.0
Galle,house,2,2,782,19000000.0
Kandy,house,5,5,996,28100000.0
Colombo,land,0,0,3227,81700000.0
Kandy,house,3,2,3228,57500000.0
Kurunegala,house,4,3,2016,33900000.0
Kandy,house,4,5,3691,69200000.0
Kurunegala,house,4,1,1523,25200000.0
Negombo,house,2,3,4963,91900000.0
Negombo,house,5,6,1971,49200000.0
Battaramulla,land,0,0,8547,138600000.0
Colombo,apartment,1,2,4189,186800000.0
Negombo,house,3,3,1420,33500000.0
Battaramulla,house,4,1,4707,125600000.0
Galle,apartment,5,6,2811,71400000.0
Negombo,house,4,5,2214,50300000.0
Gampaha,apartment,5,6,2313,53000000.0
Rajagiriya,house,5,4,2409,75800000.0
Gampaha,house,2,1,3303,53800000.0
Nugegoda,house,3,2,2716,67800000.0
Kurunegala,house,4,3,2764,42000000.0
Galle,house,5,3,1554,37000000.0
Colombo,apartment,1,1,762,34100000.0
Nugegoda,apartment,4,2,2615,81900000.0
Galle,house,5,4,1199,30500000.0
Nugegoda,land,0,0,4856,75900000.0
Dehiwala,house,5,2,4015,115100000.0
Nugegoda,house,2,2,3972,95100000.0
Negombo,house,2,1,815,18400000.0
Kandy,house,2,3,1467,30900000.0
Kandy,apartment,2,3,4839,99100000.0
Kurunegala,apartment,1,2,764,14100000.0
Dehiwala,house,4,1,3829,106800000.0
Gampaha,apartment,1,2,4614,86800000.0
Rajagiriya,apartment,3,1,1074,40400000.0
Nugegoda,house,4,1,4366,107300000.0
Galle,house,2,1,3654,63000000.0
Gampaha,house,5,2,3020,53400000.0
Kandy,house,3,3,2021,40400000.0
Colombo,house,4,1,1166,48700000.0
Negombo,apartment,3,2,802,23100000.0
Battaramulla,apartment,3,1,4780,149900000.0
Nugegoda,house,3,3,4268,107000000.0
Gampaha,land,0,0,7673,80400000.0
Nugegoda,apartment,5,3,3742,108900000.0
Dehiwala,house,5,2,4388,114200000.0
Dehiwala,house,1,1,4444,118800000.0
Kurunegala,house,3,2,3849,51200000.0
Nugegoda,apartment,2,2,3438,100300000.0
Battaramulla,apartment,2,3,2438,77100000.0
Colombo,house,2,3,3731,136500000.0
Galle,house,2,2,2492,45800000.0
Rajagiriya,house,1,2,3532,100000000.0
Rajagiriya,apartment,5,6,2472,98400000.0
Nugegoda,apartment,4,1,2169,64400000.0
Nugegoda,house,3,2,2584,63500000.0
Galle,apartment,2,2,3805,84300000.0
Dehiwala,house,3,4,2184,60500000.0
Galle,house,1,1,2705,47100000.0
Rajagiriya,land,0,0,3803,75500000.0
Galle,house,2,3,1892,39900000.0
Galle,house,5,6,968,29000000.0
Gampaha,house,2,3,1561,30000000.0
Colombo,house,2,2,4787,180800000.0
Dehiwala,house,1,2,4657,116700000.0
Nugegoda,house,3,3,1230,34500000.0
Kurunegala,house,1,1,3449,43900000.0
Kandy,land,0,0,2694,30200000.0
Kurunegala,house,4,5,3335,49800000.0
Kandy,apartment,4,3,1973,48600000.0
Colombo,apartment,2,1,1433,62700000.0
Colombo,apartment,4,2,3660,158400000.0
Rajagiriya,house,1,2,3813,108500000.0
Kandy,house,4,1,800,20500000.0
Colombo,land,0,0,7805,184700000.0
Negombo,land,0,0,1257,15300000.0
Gampaha,apartment,1,1,4388,85200000.0
Dehiwala,apartment,5,1,2167,74700000.0
Dehiwala,house,1,1,1400,39300000.0
Rajagiriya,house,1,2,1860,58100000.0
Colombo,apartment,3,4,2987,133900000.0
Galle,house,1,1,4052,71500000.0
Negombo,apartment,1,1,4096,93300000.0
Dehiwala,apartment,4,1,2202,76700000.0
Negombo,house,1,1,1055,21100000.0
Kandy,house,1,1,2353,40800000.0
Gampaha,apartment,2,3,4417,86800000.0
Kurunegala,house,1,1,4189,53700000.0
Nugegoda,apartment,2,3,3621,101900000.0
Kandy,house,5,1,2040,40800000.0
Rajagiriya,apartment,3,4,1136,46600000.0
Gampaha,house,4,5,2088,41400000.0
Colombo,land,0,0,2302,55500000.0
Kandy,house,5,5,2628,53800000.0
Gampaha,apartment,2,2,3569,66300000.0
Negombo,house,3,3,3239,66400000.0
Galle,apartment,2,2,1424,34500000.0
Battaramulla,house,4,2,4359,116900000.0
Battaramulla,apartment,2,3,4434,128600000.0
Kandy,land,0,0,9700,107900000.0
Kandy,house,3,2,918,22100000.0
Battaramulla,house,5,4,3922,106300000.0
Colombo,house,4,1,1280,49500000.0
Kurunegala,house,1,1,2211,28300000.0
Nugegoda,land,0,0,5454,86200000.0
Battaramulla,land,0,0,2408,40400000.0
Dehiwala,apartment,2,2,1166,41600000.0
Galle,house,3,1,2496,48600000.0
Negombo,apartment,2,2,2461,58800000.0
Dehiwala,apartment,5,1,3010,96500000.0
Rajagiriya,house,1,1,3610,107200000.0
Gampaha,apartment,5,1,1467,33400000.0
Gampaha,house,2,2,4405,69800000.0
Rajagiriya,house,5,4,3017,94700000.0
Kurunegala,house,2,1,4802,58800000.0
Gampaha,house,4,5,4741,81400000.0
Rajagiriya,house,2,2,2920,90700000.0
Dehiwala,house,4,3,1460,47200000.0
Dehiwala,apartment,3,4,2797,92700000.0
Nugegoda,house,3,3,1433,41600000.0
Rajagiriya,house,2,3,1193,37400000.0
Dehiwala,apartment,4,4,3845,121900000.0
Negombo,apartment,1,2,1641,39900000.0
Colombo,apartment,3,2,2759,125700000.0
Battaramulla,apartment,5,4,3001,95800000.0
Kurunegala,house,2,1,1012,16200000.0
Dehiwala,house,5,1,4422,116700000.0
Negombo,apartment,4,1,3169,76400000.0
Nugegoda,house,3,4,2285,62300000.0
Negombo,house,2,3,1115,25700000.0
Kurunegala,house,4,5,1579,30800000.0
Nugegoda,house,5,3,1757,49500000.0
Nugegoda,house,2,3,1386,38800000.0
Galle,house,4,5,834,26000000.0
Kandy,house,1,1,1603,28700000.0
Kandy,house,3,4,3147,59800000.0
Kandy,apartment,3,1,3285,71900000.0
Gampaha,land,0,0,1755,18100000.0
Gampaha,house,3,3,4348,69100000.0
Negombo,apartment,1,1,1654,38200000.0
Kurunegala,apartment,3,1,2426,40500000.0
Battaramulla,apartment,1,1,4236,129300000.0
Dehiwala,apartment,5,3,4175,133700000.0
Dehiwala,house,1,1,2597,66000000.0
Negombo,house,2,1,2798,52400000.0
Dehiwala,house,2,1,3059,81300000.0
Kandy,house,1,1,1233,22100000.0
Battaramulla,land,0,0,5954,104400000.0
Galle,land,0,0,5723,70500000.0
Kurunegala,land,0,0,2059,16600000.0
Gampaha,house,1,2,2983,47900000.0
Rajagiriya,house,5,4,1214,45400000.0
Negombo,house,4,3,1105,27700000.0
Kurunegala,apartment,2,3,1940,34200000.0
Colombo,house,3,4,3168,113700000.0
Kandy,house,4,4,1792,39100000.0
Nugegoda,house,1,1,1237,30000000.0
Battaramulla,land,0,0,1527,25300000.0
Kurunegala,house,1,2,1233,18300000.0
Kandy,apartment,5,2,1147,32500000.0
Kurunegala,apartment,3,2,4165,66600000.0
Negombo,house,4,1,3538,70000000.0
Kurunegala,house,3,1,3815,51200000.0
Battaramulla,apartment,2,3,3588,106000000.0
Kandy,house,2,3,4334,72300000.0
Battaramulla,house,1,2,3772,91700000.0
Dehiwala,apartment,2,1,4294,132300000.0
Nugegoda,house,1,2,1087,28100000.0
Nugegoda,land,0,0,2471,38300000.0
Nugegoda,house,2,2,4785,113700000.0
Negombo,land,0,0,6117,79700000.0
Colombo,house,3,3,4056,147100000.0
Nugegoda,apartment,4,4,1628,54800000.0
Battaramulla,house,4,4,4137,112300000.0
Nugegoda,land,0,0,5353,82500000.0
Galle,land,0,0,2756,33300000.0
Colombo,apartment,4,4,3638,162600000.0
Rajagiriya,house,2,2,3847,117000000.0
Galle,house,1,2,3834,72100000.0
Kurunegala,apartment,1,2,4812,75800000.0
Galle,land,0,0,6243,71900000.0
Galle,apartment,3,3,4900,112700000.0
Battaramulla,house,5,3,4706,121700000.0
Battaramulla,house,2,1,4627,113700000.0
Kandy,house,5,3,2786,55200000.0
Colombo,house,2,2,3104,108000000.0
Kandy,apartment,1,2,4852,92300000.0
Rajagiriya,house,5,4,3272,105400000.0
Galle,house,1,1,3851,67100000.0
Battaramulla,house,3,3,1002,32100000.0
Galle,house,4,4,2126,44100000.0
Dehiwala,house,5,1,4241,114100000.0
Negombo,house,4,5,1019,28500000.0
Rajagiriya,house,3,4,1224,42100000.0
Colombo,house,3,1,4724,165600000.0
Dehiwala,house,2,1,4594,118500000.0
Gampaha,house,5,6,753,25700000.0
Colombo,house,2,1,1583,58800000.0
Dehiwala,house,5,3,2925,80800000.0
Nugegoda,house,2,2,2111,55400000.0
Colombo,house,1,1,1745,66600000.0
Gampaha,apartment,4,3,2807,60100000.0
Battaramulla,apartment,5,5,766,36100000.0
Gampaha,land,0,0,2444,26100000.0
Galle,apartment,3,1,2937,64100000.0
Battaramulla,house,3,2,837,25800000.0
Negombo,house,3,2,4587,88300000.0
Galle,house,1,1,3763,63300000.0
Rajagiriya,house,3,3,4950,146700000.0
Kurunegala,house,1,1,4914,64400000.0
Galle,house,5,4,4489,90600000.0
Colombo,house,3,3,753,32400000.0
Colombo,house,2,1,3846,139600000.0
Galle,house,2,3,3161,60200000.0
Battaramulla,house,1,2,1521,39300000.0
Galle,land,0,0,3405,42500000.0
Galle,house,5,6,3051,68500000.0
Dehiwala,house,1,1,2661,69700000.0
Gampaha,house,3,2,4566,74400000.0
Negombo,house,2,1,4160,78100000.0
Gampaha,house,5,4,3339,64400000.0
Gampaha,house,4,2,2456,43400000.0
Gampaha,land,0,0,5297,54300000.0
Negombo,house,4,1,1292,29500000.0
Negombo,apartment,5,3,1238,38700000.0
Galle,house,5,2,4918,92800000.0
Colombo,house,1,1,2734,95100000.0
Rajagiriya,house,1,1,4262,119300000.0
Kandy,house,4,2,2597,49000000.0
Rajagiriya,house,1,2,2776,81000000.0
Dehiwala,house,2,2,4473,112300000.0
Nugegoda,land,0,0,5604,91000000.0
Battaramulla,apartment,2,2,2514,78900000.0
Galle,house,4,3,1455,32400000.0
Nugegoda,house,5,1,2684,67900000.0
Galle,apartment,2,3,3557,79900000.0
Nugegoda,house,3,3,3194,77900000.0
Colombo,land,0,0,3864,93200000.0
Colombo,apartment,1,2,3323,136000000.0
Battaramulla,house,2,1,3697,92500000.0
Kandy,house,2,3,2897,54300000.0
Kurunegala,house,2,1,3816,50200000.0
Dehiwala,house,2,3,2645,75700000.0
Nugegoda,house,1,1,2679,63100000.0
Nugegoda,house,2,1,3407,78600000.0
Nugegoda,house,2,2,2348,60800000.0
Rajagiriya,house,1,2,1761,53400000.0
Dehiwala,land,0,0,7611,133400000.0
Galle,house,4,2,3935,76800000.0
Battaramulla,apartment,2,2,945,30900000.0
Colombo,house,1,1,1468,52400000.0
Rajagiriya,house,5,2,3346,107600000.0
Nugegoda,house,5,4,2454,66100000.0
Negombo,apartment,1,2,845,22700000.0
Galle,apartment,3,2,1731,43200000.0
Battaramulla,house,1,2,2585,66800000.0
Kurunegala,house,5,6,1421,29000000.0
Gampaha,apartment,2,2,3142,62300000.0
Kandy,house,3,3,2840,53000000.0
Kurunegala,house,1,1,4097,50200000.0
Negombo,house,4,5,4593,89100000.0
Battaramulla,apartment,1,1,4065,114200000.0
Kandy,land,0,0,3264,36900000.0
Rajagiriya,house,1,2,1691,52500000.0
Colombo,house,5,3,1756,75500000.0
Negombo,apartment,2,2,4507,100200000.0
Colombo,apartment,4,4,3598,163700000.0
Rajagiriya,land,0,0,6632,125400000.0
Colombo,house,4,5,1857,79600000.0
Colombo,land,0,0,4417,112600000.0
Gampaha,house,4,3,4977,87600000.0
Negombo,house,4,3,1559,37800000.0
Nugegoda,land,0,0,1572,24800000.0
Galle,apartment,5,6,4755,108600000.0
Battaramulla,house,2,1,2583,67300000.0
Colombo,house,4,4,3802,142400000.0
Gampaha,house,4,3,1805,35900000.0
Battaramulla,house,2,3,3921,97200000.0
Nugegoda,house,3,1,2367,59300000.0
Rajagiriya,apartment,1,2,2739,95400000.0
Negombo,apartment,1,1,3571,83400000.0
Negombo,house,3,3,3641,75900000.0
Negombo,house,3,1,3442,66200000.0
Kurunegala,land,0,0,3694,29500000.0
Galle,house,2,1,2290,45000000.0
Colombo,house,1,2,1429,52800000.0
Negombo,apartment,5,1,1283,36400000.0
Negombo,house,2,1,1985,41100000.0
Gampaha,house,1,2,2225,36400000.0
Galle,house,4,5,2354,49100000.0
Kandy,house,4,2,2586,51700000.0
Galle,apartment,2,1,2132,46600000.0
Galle,house,3,3,2954,60600000.0
Gampaha,land,0,0,2628,28100000.0
Rajagiriya,house,4,3,3336,103500000.0
Gampaha,house,4,2,2747,48800000.0
Kurunegala,apartment,4,5,3250,58700000.0
Galle,house,3,1,1371,27400000.0
Battaramulla,house,1,2,3554,86000000.0
Battaramulla,apartment,4,1,4255,133400000.0
Dehiwala,house,3,1,4803,122700000.0
Nugegoda,land,0,0,1610,25800000.0
Dehiwala,house,5,3,1151,39700000.0
Kandy,house,2,3,2729,47400000.0
Dehiwala,house,2,2,2794,74100000.0
Galle,apartment,5,4,2974,74400000.0
Dehiwala,house,1,2,1187,32900000.0
Gampaha,house,5,1,1156,25500000.0
Rajagiriya,house,2,1,2991,90900000.0
Colombo,land,0,0,6823,161700000.0
Battaramulla,apartment,5,4,2582,87700000.0
Kurunegala,house,3,4,3916,53600000.0
Kandy,house,5,2,3637,66400000.0
Kandy,land,0,0,9981,113000000.0
Dehiwala,house,1,2,2200,59800000.0
Dehiwala,apartment,5,3,2414,85900000.0
Rajagiriya,house,3,1,4384,130800000.0
Gampaha,apartment,3,4,4021,80100000.0
Kandy,apartment,4,2,3819,80200000.0
Dehiwala,land,0,0,7883,143100000.0
Kandy,house,4,5,3573,71300000.0
Galle,house,5,1,4326,80500000.0
Dehiwala,house,4,2,1535,47300000.0
Rajagiriya,house,2,1,2907,84500000.0
Kandy,house,3,1,3687,67400000.0
Negombo,house,4,2,1585,37600000.0
Negombo,house,1,2,3876,76900000.0
Galle,house,5,6,4209,82000000.0
Rajagiriya,apartment,3,1,4472,149300000.0
Dehiwala,land,0,0,5813,103800000.0
Rajagiriya,house,3,1,1026,34700000.0
Colombo,house,2,2,4408,154600000.0
Rajagiriya,house,2,1,2442,74500000.0
Nugegoda,land,0,0,2768,43900000.0
Dehiwala,house,3,1,1704,47300000.0
Dehiwala,house,3,1,1765,49300000.0
Gampaha,house,1,2,2573,40400000.0
Battaramulla,house,5,4,4814,127700000.0
Gampaha,land,0,0,3497,37800000.0
Nugegoda,apartment,2,1,4374,130500000.0
Dehiwala,house,5,5,3437,100400000.0
Gampaha,apartment,5,1,1412,34300000.0
Battaramulla,house,5,5,2035,58400000.0
Galle,house,3,1,3067,57900000.0
Nugegoda,land,0,0,8069,134200000.0
Gampaha,house,2,3,2455,41500000.0
Negombo,land,0,0,9864,125600000.0
Gampaha,house,5,5,2132,46100000.0
Dehiwala,house,2,2,2660,70200000.0
Battaramulla,house,4,2,1175,35500000.0
Galle,house,4,3,3366,64800000.0
Dehiwala,apartment,1,1,1867,56500000.0
Kurunegala,house,4,3,1643,29700000.0
Rajagiriya,house,1,2,4063,116400000.0
Nugegoda,land,0,0,3054,50800000.0
Battaramulla,house,2,1,2537,67300000.0
Kandy,house,3,4,3018,55600000.0
Nugegoda,house,2,3,1626,42700000.0
Dehiwala,house,1,1,1627,44200000.0
Battaramulla,apartment,5,1,3857,116100000.0
Negombo,house,5,1,4295,82800000.0
Battaramulla,house,5,1,3332,87700000.0
Battaramulla,apartment,2,2,4733,138800000.0
Gampaha,apartment,4,4,4477,87600000.0
Nugegoda,house,5,6,4239,109500000.0
Rajagiriya,apartment,1,2,3546,123100000.0
Kandy,house,1,1,1805,32000000.0
Dehiwala,apartment,5,1,3903,130900000.0
Gampaha,apartment,1,1,1649,31100000.0
Nugegoda,house,4,4,1969,52700000.0
Galle,land,0,0,8647,101500000.0
Dehiwala,house,3,4,2247,61600000.0
Colombo,house,1,1,4866,173800000.0
Colombo,apartment,5,4,3047,133200000.0
Galle,land,0,0,8371,101500000.0
Dehiwala,apartment,4,5,1941,67600000.0
Kurunegala,house,3,1,2572,35300000.0
Colombo,house,2,1,2678,100700000.0
Negombo,apartment,3,2,2672,62100000.0
Battaramulla,house,2,1,4452,107500000.0
Gampaha,house,5,5,3138,62400000.0
Negombo,house,2,3,3048,61500000.0
Negombo,house,2,1,2889,54100000.0
Kurunegala,house,4,5,2958,46700000.0
Gampaha,house,1,1,4105,62300000.0
Galle,house,4,5,1072,28700000.0
Kandy,house,1,1,3037,50800000.0
Battaramulla,house,5,3,1372,42200000.0
Kurunegala,house,1,2,1413,19700000.0
Galle,apartment,1,1,1268,27800000.0
Rajagiriya,house,2,3,1662,55100000.0
Gampaha,house,5,4,4005,68600000.0
Colombo,house,1,2,4783,176900000.0
Negombo,apartment,2,1,1685,39100000.0
Dehiwala,apartment,1,2,3671,118100000.0
Rajagiriya,apartment,2,3,1019,42200000.0
Galle,house,3,2,2872,56600000.0
Galle,house,4,2,1903,41600000.0
Galle,house,5,5,4230,80900000.0
Galle,house,4,3,2332,50600000.0
Dehiwala,house,3,1,3489,90800000.0
Colombo,house,1,1,3856,130700000.0
Kurunegala,land,0,0,5951,51100000.0
Negombo,house,3,2,4638,86100000.0
Kurunegala,house,2,2,1517,22500000.0
Kurunegala,land,0,0,9112,76500000.0
Nugegoda,house,5,2,850,27700000.0
Battaramulla,house,3,2,771,25400000.0
Colombo,house,2,3,4334,162200000.0
Gampaha,house,2,1,3523,55600000.0
Rajagiriya,apartment,4,4,2635,101900000.0
Colombo,house,2,3,1020,42600000.0
Battaramulla,house,1,2,3178,79500000.0
Battaramulla,house,5,6,1927,58800000.0
Gampaha,apartment,5,5,3286,69300000.0
Galle,apartment,4,4,1154,32500000.0
Kurunegala,apartment,3,2,4387,66600000.0
Kurunegala,house,1,2,1386,19600000.0
Kandy,apartment,4,2,4246,85500000.0
Kandy,house,4,5,4044,79000000.0
Battaramulla,house,5,5,4722,127200000.0
Nugegoda,house,5,4,4502,114300000.0
Negombo,apartment,5,3,2609,67700000.0
Colombo,house,4,5,2516,100600000.0
Kandy,apartment,2,2,3900,79400000.0
Negombo,house,1,2,4310,79400000.0
Negombo,apartment,4,1,2400,58000000.0
Negombo,house,1,1,3518,68600000.0
Nugegoda,house,5,3,1399,43900000.0
Colombo,house,4,2,1625,64300000.0
Kurunegala,apartment,1,2,2672,40800000.0
Negombo,house,5,5,1878,46400000.0
Colombo,house,5,2,3697,135100000.0
Colombo,apartment,1,2,1073,50400000.0
Kurunegala,house,1,1,1291,18600000.0
Dehiwala,house,5,6,3615,108300000.0
Nugegoda,house,3,1,3978,96700000.0
Rajagiriya,house,1,1,1666,46700000.0
Battaramulla,house,1,1,4823,112500000.0
Battaramulla,house,2,1,2962,75900000.0
Rajagiriya,house,4,4,4975,141900000.0
Kurunegala,house,3,3,4260,59600000.0
Colombo,house,4,1,1443,56700000.0
Gampaha,house,3,4,4959,82100000.0
Battaramulla,apartment,5,5,2265,77500000.0
Kandy,apartment,5,4,916,28400000.0
Nugegoda,house,5,3,1905,56300000.0
Kandy,apartment,4,3,3784,83500000.0
Rajagiriya,house,5,3,4101,126700000.0
Galle,land,0,0,4639,57900000.0
Nugegoda,house,5,1,1157,35800000.0
Negombo,apartment,3,1,4571,105700000.0
Colombo,apartment,4,1,1656,77100000.0
Colombo,house,5,1,1648,68600000.0
Nugegoda,land,0,0,1687,27200000.0
Gampaha,apartment,4,5,2914,60700000.0
Rajagiriya,land,0,0,8004,157600000.0
Nugegoda,house,3,2,4261,102600000.0
Galle,house,4,1,990,24000000.0
Nugegoda,house,3,3,1604,45300000.0
Colombo,apartment,1,1,1810,81200000.0
Gampaha,apartment,1,1,4712,89700000.0
Rajagiriya,land,0,0,1834,37700000.0
Colombo,apartment,3,1,4988,220700000.0
Galle,house,5,6,937,29100000.0
Negombo,apartment,4,1,4764,111800000.0
Battaramulla,house,2,2,2563,69300000.0
Kandy,house,3,2,1054,24300000.0
Negombo,house,2,2,1735,35000000.0
Nugegoda,land,0,0,6337,103700000.0
Battaramulla,house,5,3,3523,94600000.0
Battaramulla,apartment,2,1,3013,88400000.0
Gampaha,house,3,4,1367,29400000.0
Galle,house,3,4,3065,62700000.0
Gampaha,house,4,1,4946,84600000.0
Colombo,house,5,1,3984,150400000.0
Dehiwala,house,4,4,4419,116600000.0
Negombo,apartment,4,3,4651,113800000.0
Kurunegala,house,4,3,2178,35000000.0
Dehiwala,land,0,0,4172,75200000.0
Gampaha,apartment,5,4,4301,90300000.0
Nugegoda,house,2,1,1028,27700000.0
Kandy,apartment,1,2,3091,64700000.0
Gampaha,house,1,1,1921,32200000.0
Galle,apartment,4,2,4637,104500000.0
Colombo,land,0,0,2977,73100000.0
Colombo,house,2,1,3723,140700000.0
Rajagiriya,house,4,4,1173,42300000.0
Rajagiriya,house,2,1,1512,46200000.0
Gampaha,house,2,1,838,16500000.0
Colombo,house,4,1,3733,140200000.0
Rajagiriya,land,0,0,7804,157400000.0
Battaramulla,land,0,0,8661,146700000.0
Rajagiriya,house,2,1,3565,102900000.0
Dehiwala,apartment,2,3,1591,51600000.0
Galle,house,1,1,2682,50100000.0
Colombo,house,2,1,2115,76200000.0
Battaramulla,house,1,2,4320,109500000.0
Battaramulla,house,5,3,4252,108700000.0
Galle,apartment,3,4,2782,65200000.0
Kurunegala,house,4,4,4624,68600000.0
Colombo,house,4,1,1363,55200000.0
Kandy,house,1,1,3762,59700000.0
Galle,house,4,4,2277,47600000.0
Kurunegala,house,1,2,4096,51900000.0
Rajagiriya,house,2,2,1255,38600000.0
Kurunegala,land,0,0,7626,65400000.0
Rajagiriya,house,3,1,2671,81100000.0
Rajagiriya,house,5,5,834,35500000.0
Battaramulla,land,0,0,9418,154800000.0
Nugegoda,house,2,3,4708,113100000.0
Gampaha,house,5,4,776,22600000.0
Kurunegala,house,5,3,1216,24400000.0
Colombo,house,2,2,3437,119600000.0
Colombo,house,4,5,3335,127500000.0
Galle,apartment,2,1,2260,49600000.0
Kurunegala,apartment,1,2,1773,27800000.0
Kurunegala,house,1,1,4093,51200000.0
Galle,house,1,1,3218,54500000.0
Kandy,apartment,2,1,3435,69400000.0
Gampaha,land,0,0,8261,88900000.0
Battaramulla,apartment,4,3,2436,82200000.0
Galle,land,0,0,9616,117200000.0
Rajagiriya,apartment,5,5,4870,173500000.0
Negombo,house,2,3,3356,67500000.0
Gampaha,house,5,5,4988,84400000.0
Colombo,land,0,0,1467,35100000.0
Rajagiriya,house,2,1,1831,56400000.0
Nugegoda,house,4,4,1563,47600000.0
Colombo,land,0,0,2716,67300000.0
Galle,house,5,5,953,27400000.0
Gampaha,house,5,4,1289,29800000.0
Kurunegala,apartment,1,1,2605,41300000.0
Battaramulla,apartment,2,1,2378,72800000.0
Kandy,apartment,4,5,3526,77300000.0
Colombo,land,0,0,2883,74100000.0
Galle,house,3,1,4835,90500000.0
Dehiwala,apartment,4,2,1799,64200000.0
Battaramulla,house,3,2,2040,53300000.0
Dehiwala,house,3,3,2142,63200000.0
Kandy,house,3,3,2355,43300000.0
Gampaha,apartment,1,2,3420,64600000.0
Nugegoda,house,5,5,2904,77200000.0
Kurunegala,house,5,3,1471,28100000.0
Colombo,house,2,1,3553,131500000.0
Negombo,apartment,5,5,4346,111500000.0
Kurunegala,house,4,1,3423,45900000.0
Kandy,house,5,6,840,26600000.0
Negombo,house,3,2,4016,77100000.0
Nugegoda,house,5,2,3180,86000000.0
Nugegoda,apartment,2,1,1147,35700000.0
Galle,apartment,3,1,4676,102700000.0
Kandy,apartment,1,1,4750,89400000.0
Nugegoda,house,4,3,938,29200000.0
Dehiwala,apartment,5,3,796,36000000.0
Galle,land,0,0,7741,93600000.0
Gampaha,apartment,4,1,3756,76800000.0
Nugegoda,house,4,3,1968,53800000.0
Nugegoda,house,2,3,4304,100200000.0
Kandy,land,0,0,1388,15200000.0
Nugegoda,apartment,5,4,1185,46300000.0
Gampaha,apartment,2,2,1523,32700000.0
Rajagiriya,house,5,3,4017,118100000.0
Dehiwala,land,0,0,5680,104300000.0
Galle,apartment,3,2,3499,76500000.0
Kurunegala,house,4,1,2613,40200000.0
Colombo,apartment,2,1,2505,110500000.0
Galle,apartment,4,3,3781,86700000.0
Galle,apartment,2,3,848,22800000.0
Gampaha,apartment,3,3,4379,85300000.0
Kurunegala,house,1,2,4025,50000000.0
Gampaha,apartment,4,4,4819,93600000.0
Rajagiriya,apartment,3,2,1095,43900000.0
Nugegoda,apartment,5,2,982,38300000.0
Dehiwala,house,4,2,1200,38700000.0
Galle,house,5,6,3023,68100000.0
Kurunegala,land,0,0,1411,11600000.0
Gampaha,land,0,0,2974,30600000.0
Rajagiriya,apartment,5,4,3286,127700000.0
Battaramulla,house,4,2,4686,117400000.0
Nugegoda,apartment,1,1,2422,67100000.0
Kurunegala,house,2,2,4202,53700000.0
Kandy,house,2,3,4284,75200000.0
Gampaha,house,1,2,2586,43600000.0
Colombo,apartment,1,2,3713,153100000.0
Battaramulla,house,3,2,1677,48800000.0
Kurunegala,land,0,0,4819,40800000.0
Battaramulla,apartment,5,6,3736,122700000.0
Gampaha,house,1,1,2718,44600000.0
Galle,house,4,4,2093,43900000.0
Gampaha,house,1,2,1607,28600000.0
Nugegoda,apartment,4,4,1555,52700000.0
Negombo,apartment,5,3,1630,45900000.0
Nugegoda,apartment,4,4,2792,89600000.0
Kandy,apartment,5,5,2601,61300000.0
Rajagiriya,land,0,0,4910,100400000.0
Rajagiriya,house,5,5,3924,119600000.0
Kandy,house,3,2,2699,50600000.0
Negombo,house,3,3,3461,66600000.0
Kurunegala,house,2,2,775,14500000.0
Kurunegala,land,0,0,6863,60400000.0
Colombo,house,5,1,4677,167100000.0
Rajagiriya,house,2,2,3019,85100000.0
Colombo,house,1,2,2620,91900000.0
Battaramulla,house,5,1,1301,38100000.0
Dehiwala,house,5,5,3257,95700000.0
Gampaha,house,2,3,3477,61000000.0
Gampaha,apartment,3,3,4171,86700000.0
Gampaha,house,5,4,4894,86500000.0
Nugegoda,house,3,3,4558,114800000.0
Kurunegala,land,0,0,3365,29600000.0
Rajagiriya,house,4,3,2112,65300000.0
Rajagiriya,house,5,2,1981,68100000.0
Dehiwala,apartment,2,1,3729,119600000.0
Negombo,apartment,3,1,2736,61400000.0
Dehiwala,apartment,5,6,3801,124600000.0
Colombo,apartment,4,1,4752,213300000.0
Gampaha,apartment,2,3,2523,52400000.0
Negombo,apartment,1,1,4215,97100000.0
Nugegoda,apartment,2,3,4444,134100000.0
Colombo,apartment,3,1,4147,181100000.0
Rajagiriya,house,4,4,4515,136500000.0
Negombo,house,1,1,2851,53900000.0
Negombo,house,3,4,4057,80200000.0
Kurunegala,house,2,2,850,14600000.0
Gampaha,house,3,3,4376,72900000.0
Gampaha,house,5,2,4373,72600000.0
Gampaha,apartment,5,1,4179,85100000.0
Kurunegala,house,5,5,4102,60200000.0
Negombo,house,3,3,1281,31600000.0
Gampaha,apartment,1,1,2281,42800000.0
Gampaha,house,5,2,4574,80800000.0
Kurunegala,apartment,3,2,834,19400000.0
Kandy,house,5,3,4915,91600000.0
Battaramulla,land,0,0,1570,26900000.0
Nugegoda,land,0,0,3691,58000000.0
Battaramulla,house,2,2,2462,65600000.0
Dehiwala,house,1,2,1332,35700000.0
Dehiwala,house,4,3,2187,61100000.0
Battaramulla,apartment,1,2,1877,56400000.0
Nugegoda,house,3,3,3557,90300000.0
Nugegoda,house,5,6,3896,107300000.0
Kurunegala,apartment,1,1,3838,60600000.0
Galle,apartment,1,1,945,22100000.0
Negombo,apartment,1,1,3633,82300000.0
Nugegoda,house,1,2,4728,116200000.0
Kurunegala,house,5,4,2947,45900000.0
Rajagiriya,apartment,1,1,4098,140400000.0
Gampaha,house,3,3,1007,21900000.0
Galle,house,3,4,1672,37200000.0
Negombo,apartment,5,1,939,29100000.0
Rajagiriya,apartment,1,1,3434,120500000.0
Galle,land,0,0,4877,58100000.0
Dehiwala,apartment,3,4,1304,47600000.0
Rajagiriya,apartment,2,1,1591,59700000.0
Kurunegala,land,0,0,5946,48900000.0
Negombo,house,5,3,2143,51200000.0
Gampaha,house,1,2,3450,56500000.0
Nugegoda,house,2,2,2667,67600000.0
Negombo,house,5,6,3795,82600000.0
Gampaha,apartment,2,1,4668,86000000.0
Galle,apartment,2,2,3449,75800000.0
Kandy,apartment,3,3,4415,93000000.0
Dehiwala,house,5,4,2149,68400000.0
Kandy,house,4,1,1302,27100000.0
Kurunegala,house,5,3,1543,28700000.0
Kandy,apartment,1,1,4589,94200000.0
Kandy,house,5,6,3274,67700000.0
Galle,house,5,6,2978,62100000.0
Rajagiriya,apartment,1,2,4702,154400000.0
Negombo,house,4,5,1591,40500000.0
Gampaha,apartment,5,6,4284,94700000.0
Dehiwala,house,5,1,4710,121500000.0
Dehiwala,house,2,1,2114,58800000.0
Nugegoda,apartment,1,2,2080,61600000.0
Negombo,house,3,4,4115,79200000.0
Negombo,house,5,5,3792,84700000.0
Rajagiriya,house,4,1,2970,87900000.0
Dehiwala,house,1,2,3160,83700000.0
Negombo,house,3,4,2599,53900000.0
Galle,apartment,1,1,1009,23300000.0
Rajagiriya,house,3,3,2966,86700000.0
Nugegoda,apartment,5,5,2005,71000000.0
Colombo,apartment,1,1,4708,191600000.0
Nugegoda,house,3,2,2862,75200000.0
Rajagiriya,house,2,2,3452,101500000.0
Kandy,land,0,0,1414,16500000.0
Battaramulla,house,1,2,3162,76600000.0
Kandy,house,3,2,3097,55400000.0
Nugegoda,house,3,3,4451,111400000.0
Kandy,apartment,1,1,3306,67900000.0
Nugegoda,house,3,4,1811,49400000.0
Kurunegala,land,0,0,2163,18200000.0
Galle,apartment,4,1,1052,27700000.0
Battaramulla,house,5,2,4267,111500000.0
Kandy,apartment,3,4,3659,80000000.0
Dehiwala,house,5,4,2070,61500000.0
Dehiwala,apartment,5,5,1782,66900000.0
Rajagiriya,apartment,4,2,3295,114900000.0
Galle,house,3,4,804,21600000.0
Gampaha,apartment,1,2,4626,90500000.0
Rajagiriya,house,4,5,2578,82300000.0
Rajagiriya,house,2,3,1185,39100000.0
Battaramulla,apartment,5,5,2710,86500000.0
Kandy,land,0,0,2724,29700000.0
Nugegoda,house,5,1,1133,33900000.0
Battaramulla,house,4,5,1650,50500000.0
Kurunegala,land,0,0,7579,65000000.0
Nugegoda,apartment,5,6,3137,100300000.0
Kurunegala,land,0,0,3503,29800000.0
Gampaha,house,3,1,1258,23900000.0
Kurunegala,house,2,1,1186,17600000.0
Kurunegala,house,1,1,4844,60500000.0
Rajagiriya,house,1,1,2648,74900000.0
Nugegoda,house,1,2,3319,78700000.0
Galle,house,4,2,4023,75400000.0
Nugegoda,land,0,0,7425,115300000.0
Dehiwala,apartment,2,1,3255,104900000.0
Dehiwala,house,3,3,3869,102300000.0
Kandy,house,2,1,1315,23800000.0
Nugegoda,house,4,2,863,27000000.0
Dehiwala,house,1,1,3717,98300000.0
Kurunegala,house,4,1,2011,31600000.0
Negombo,house,1,2,4953,91000000.0
Rajagiriya,apartment,3,3,1542,61100000.0
Kurunegala,house,4,5,2121,35900000.0
Galle,house,5,2,3692,71000000.0
Rajagiriya,house,1,1,3797,108800000.0
Kurunegala,apartment,3,1,4651,71000000.0
Battaramulla,house,1,2,4768,120800000.0
Dehiwala,house,1,2,4778,124100000.0
Dehiwala,house,2,2,3756,96000000.0
Gampaha,house,1,1,4665,71300000.0
Kandy,land,0,0,5429,63200000.0
Dehiwala,house,4,1,2532,67600000.0
Battaramulla,house,3,2,3708,96000000.0
Kurunegala,house,2,2,801,14300000.0
Dehiwala,land,0,0,2674,46600000.0
Rajagiriya,land,0,0,8792,169000000.0
Dehiwala,apartment,1,2,3157,98700000.0
Negombo,apartment,2,1,913,23700000.0
Kurunegala,house,3,4,3842,52800000.0
Colombo,apartment,4,3,1710,83300000.0
Rajagiriya,apartment,2,1,4256,145700000.0
Kurunegala,house,2,1,2367,31000000.0
Dehiwala,house,4,4,2190,63800000.0
Negombo,house,2,3,4746,90900000.0
Galle,house,5,4,1843,41300000.0
Galle,house,5,1,3104,64200000.0
Battaramulla,house,1,1,1792,45000000.0
Rajagiriya,apartment,3,1,2341,85900000.0
Colombo,house,5,1,1943,78500000.0
Kurunegala,house,4,5,4225,64300000.0
Kurunegala,apartment,5,1,4740,78500000.0
Kurunegala,apartment,4,1,1048,21900000.0
Kurunegala,house,2,2,4858,65300000.0
Rajagiriya,house,4,3,2670,87300000.0
Rajagiriya,house,1,2,2365,66700000.0
Rajagiriya,apartment,3,4,3956,147900000.0
Dehiwala,land,0,0,6178,107200000.0
Colombo,house,5,2,3830,139800000.0
Kurunegala,house,5,6,3679,57600000.0
Gampaha,apartment,2,3,1465,32700000.0
Kandy,house,1,1,3837,66900000.0
Kurunegala,apartment,1,2,1168,21000000.0
Rajagiriya,apartment,1,2,3517,116800000.0
Nugegoda,house,3,3,3368,89000000.0
Kandy,house,3,2,2443,47000000.0
Kandy,apartment,2,3,4561,89300000.0
Galle,house,5,1,3166,59600000.0
Gampaha,house,3,2,2137,38400000.0
Battaramulla,house,1,1,1327,33700000.0
Negombo,house,3,2,932,22800000.0
Dehiwala,land,0,0,1524,27800000.0
Dehiwala,land,0,0,5432,96400000.0
Battaramulla,house,1,1,4691,120700000.0
Battaramulla,house,1,1,2199,57000000.0
Galle,apartment,4,4,835,25900000.0
Negombo,land,0,0,5653,71700000.0
Negombo,house,1,1,1006,20200000.0
Kandy,house,5,5,4093,76000000.0
Rajagiriya,apartment,5,3,4415,164500000.0
Galle,apartment,4,2,1174,33300000.0
Negombo,house,1,1,3306,64200000.0
Battaramulla,house,3,1,1193,33200000.0
Gampaha,house,1,1,2691,44900000.0
Negombo,house,4,3,3666,74600000.0
Rajagiriya,house,3,1,4043,122800000.0
Kurunegala,house,1,1,2311,30300000.0
Colombo,house,2,2,3434,123500000.0
Negombo,apartment,2,1,1640,38600000.0
Kandy,house,4,2,4072,76200000.0
Negombo,house,1,2,3758,71300000.0
Negombo,apartment,5,1,4321,103000000.0
Negombo,land,0,0,6980,88400000.0
Kurunegala,house,4,4,3987,58100000.0
Colombo,house,2,1,3990,140700000.0
Negombo,apartment,1,2,2088,50800000.0
Dehiwala,house,1,1,1805,45300000.0
Dehiwala,house,5,1,1792,53100000.0
Colombo,house,2,1,2627,100100000.0
Colombo,apartment,4,1,975,48600000.0
Dehiwala,apartment,5,5,4852,164900000.0
Dehiwala,house,2,3,2577,70700000.0
Galle,house,1,1,2938,54100000.0
Colombo,house,5,6,3485,139000000.0
Dehiwala,house,5,2,4579,126400000.0
Dehiwala,house,3,1,1730,50200000.0
Gampaha,apartment,1,1,3345,65200000.0
Galle,land,0,0,9495,108700000.0
Negombo,house,3,3,1170,27900000.0
Rajagiriya,apartment,2,1,4249,143600000.0
Battaramulla,apartment,4,2,1101,41000000.0
Nugegoda,house,5,3,3478,86400000.0
Kurunegala,apartment,4,4,2226,42600000.0
Colombo,apartment,3,3,4439,198500000.0
Kurunegala,house,1,2,3728,48100000.0
Negombo,house,5,1,3814,76700000.0
Nugegoda,house,5,1,2172,61200000.0
Gampaha,house,4,2,2488,44400000.0
Nugegoda,house,5,4,1248,39200000.0
Nugegoda,house,4,5,1481,44700000.0
Battaramulla,house,3,3,3828,97600000.0
Battaramulla,house,1,2,4868,123900000.0
Galle,apartment,4,1,1222,32500000.0
Rajagiriya,house,3,3,1107,37100000.0
Dehiwala,land,0,0,2028,35600000.0
Colombo,house,4,2,1800,69800000.0
Gampaha,house,5,5,928,25300000.0
Kurunegala,house,5,6,2500,45500000.0
Rajagiriya,house,3,3,4875,145600000.0
Nugegoda,apartment,3,4,3370,97500000.0
Nugegoda,house,2,2,4764,118500000.0
Galle,apartment,3,1,3811,82800000.0
Battaramulla,house,3,1,2335,61500000.0
Battaramulla,house,5,3,1591,51000000.0
Colombo,apartment,4,4,1195,57900000.0
Kurunegala,house,5,2,1680,28400000.0
Negombo,house,4,2,3584,74400000.0
Gampaha,house,2,3,2422,41800000.0
Kandy,house,5,3,1808,40700000.0
Kurunegala,apartment,3,4,880,22200000.0
Kurunegala,house,5,4,2067,36600000.0
Battaramulla,house,3,3,797,26400000.0
Dehiwala,apartment,4,3,1317,47600000.0
Colombo,house,2,2,3755,131500000.0
Kurunegala,house,2,3,3501,49600000.0
Kurunegala,house,1,1,1532,19900000.0
Dehiwala,apartment,1,1,1492,45500000.0
Battaramulla,apartment,3,2,2125,64800000.0
Nugegoda,house,3,4,2229,57900000.0
Gampaha,apartment,2,2,2190,44900000.0
Gampaha,house,3,1,1209,23100000.0
Nugegoda,house,4,4,2118,60000000.0
Kurunegala,house,2,3,1222,20300000.0
Galle,house,4,4,3143,65000000.0
Negombo,land,0,0,3390,43500000.0
Dehiwala,house,5,4,3131,90000000.0
Colombo,apartment,5,3,2792,122900000.0
Kurunegala,house,5,1,4654,64700000.0
Colombo,house,5,6,854,44800000.0
Rajagiriya,house,2,2,2239,69900000.0
Kurunegala,house,5,1,4803,63100000.0
Nugegoda,apartment,5,4,4212,125000000.0
Negombo,house,1,1,4691,82900000.0
Nugegoda,apartment,3,4,2636,78500000.0
Nugegoda,land,0,0,9560,157800000.0
Kandy,house,1,2,1713,30700000.0
Kurunegala,house,1,1,803,12300000.0
Kurunegala,house,1,1,1218,17000000.0
Battaramulla,apartment,5,2,839,33800000.0
Colombo,apartment,1,1,4531,191700000.0
Kandy,apartment,4,5,3002,71300000.0
Kandy,apartment,1,2,813,18700000.0
Colombo,apartment,4,5,842,48000000.0
Negombo,land,0,0,6508,85400000.0
Rajagiriya,apartment,2,3,4706,166300000.0
Rajagiriya,apartment,4,2,3881,144200000.0
Kandy,land,0,0,2798,31700000.0
Kandy,house,1,2,3741,65400000.0
Battaramulla,house,5,3,2655,76200000.0
Colombo,house,1,2,3253,121700000.0
Nugegoda,apartment,3,4,1538,51800000.0
Galle,house,3,1,2197,43500000.0
Kurunegala,land,0,0,6570,55100000.0
Galle,house,2,2,2160,41900000.0
Negombo,house,3,2,4219,84900000.0
Negombo,house,5,3,4322,86300000.0
Rajagiriya,land,0,0,5468,110900000.0
Dehiwala,apartment,3,4,4446,145400000.0
Gampaha,apartment,3,3,3383,68300000.0
Negombo,house,1,1,1303,26500000.0
Kurunegala,house,4,1,1868,30600000.0
Rajagiriya,house,4,5,3094,94000000.0
Battaramulla,apartment,5,1,2734,83800000.0
Negombo,apartment,2,3,1955,45800000.0
Battaramulla,apartment,5,3,4136,133000000.0
Galle,apartment,4,3,3254,73400000.0
Kandy,house,3,1,1939,36700000.0
Kurunegala,house,3,2,3483,49500000.0
Galle,house,5,4,4000,77900000.0
Galle,house,4,5,2011,45700000.0
Dehiwala,apartment,2,3,4018,122200000.0
Nugegoda,house,5,6,1132,38000000.0
Kurunegala,house,3,3,3164,43400000.0
Battaramulla,house,1,2,3948,94200000.0
Galle,land,0,0,4727,58200000.0
Nugegoda,house,5,5,3654,92100000.0
Rajagiriya,house,4,1,4432,126700000.0
Nugegoda,house,1,1,4767,107600000.0
Battaramulla,house,1,2,3866,91800000.0
Kandy,apartment,1,2,3957,77000000.0
Galle,apartment,1,2,2347,50100000.0
Battaramulla,house,3,4,2077,60300000.0
Gampaha,apartment,1,1,2302,46000000.0
Battaramulla,apartment,2,1,1779,56400000.0
Kandy,apartment,2,3,3890,80100000.0
Colombo,apartment,2,2,2946,124200000.0
Rajagiriya,apartment,4,3,976,42300000.0
Kandy,house,3,4,3421,60700000.0
Gampaha,house,2,3,4071,65000000.0
Nugegoda,house,3,2,4412,106000000.0
Battaramulla,house,1,2,2731,67600000.0
Kurunegala,house,1,1,2603,32800000.0
Rajagiriya,apartment,5,6,4263,153900000.0
Galle,house,3,4,1444,32700000.0
Kandy,house,4,2,4117,71600000.0
Kandy,house,4,2,4239,78300000.0
Kurunegala,apartment,4,3,3673,62800000.0
Colombo,house,4,1,2820,106100000.0
Kandy,apartment,2,3,4867,96100000.0
Negombo,apartment,3,3,4478,104100000.0
Galle,house,4,4,4936,93400000.0
Kurunegala,house,2,1,2798,38600000.0
Dehiwala,house,2,2,4065,109600000.0
Kandy,house,5,6,3450,68500000.0
Nugegoda,house,5,5,3085,80600000.0
Kurunegala,house,5,1,910,19000000.0
Negombo,house,4,1,3272,65500000.0
Kurunegala,apartment,5,4,2270,45100000.0
Dehiwala,house,5,5,3830,104500000.0
Kurunegala,house,1,2,4551,60800000.0
Gampaha,apartment,2,2,4377,84500000.0
Battaramulla,apartment,1,2,2933,87500000.0
Battaramulla,apartment,3,2,4722,139500000.0
Kandy,house,4,4,2412,50000000.0
Nugegoda,house,3,2,4453,104200000.0
Dehiwala,house,3,4,791,29600000.0
Galle,house,2,2,3018,58200000.0
Gampaha,apartment,2,1,2777,51500000.0
Negombo,apartment,5,3,980,32700000.0
Nugegoda,house,1,1,4461,104100000.0
Kurunegala,house,5,5,2833,45700000.0
Rajagiriya,house,1,1,1652,48500000.0
Galle,house,1,1,2001,38100000.0
Colombo,house,1,2,4330,151500000.0
Kandy,house,3,4,4153,72000000.0
Kandy,apartment,3,1,3847,81500000.0
Dehiwala,house,1,1,3707,96600000.0
Dehiwala,house,3,2,2462,68500000.0
Dehiwala,house,2,1,3861,103400000.0
Gampaha,house,1,1,841,15700000.0
Colombo,house,3,4,2769,109700000.0
Kandy,house,1,1,4755,78300000.0
Galle,house,1,1,1195,22800000.0
Kandy,house,5,2,2562,49800000.0
Kurunegala,house,2,3,4415,58200000.0
Galle,house,4,5,2062,43900000.0
Battaramulla,house,4,2,3090,85500000.0
Gampaha,house,2,1,1455,26300000.0
Battaramulla,apartment,5,2,1719,61000000.0
Gampaha,apartment,5,2,2083,48000000.0
Nugegoda,apartment,1,1,2095,62100000.0
Dehiwala,land,0,0,1689,30600000.0
Colombo,apartment,1,2,4804,195200000.0
Kandy,house,1,2,4813,81600000.0
Galle,land,0,0,6067,73600000.0
Galle,apartment,2,3,1205,30600000.0
Battaramulla,house,4,3,3843,99300000.0
Kandy,land,0,0,3764,41000000.0
Rajagiriya,apartment,4,4,4171,154800000.0
Rajagiriya,house,3,4,1683,53700000.0
Battaramulla,house,2,2,4869,118800000.0
Battaramulla,house,1,1,1757,45800000.0
Galle,apartment,1,2,2565,57500000.0
Rajagiriya,house,3,3,1094,37800000.0
Kandy,house,4,2,1733,36700000.0
Kandy,house,3,1,3650,66700000.0
Negombo,house,2,2,2236,44400000.0
Rajagiriya,apartment,4,5,4938,185500000.0
Nugegoda,house,2,3,1123,32200000.0
Gampaha,house,2,1,4042,67600000.0
Kurunegala,house,4,5,1122,25100000.0
Kurunegala,apartment,3,4,4428,75200000.0
Gampaha,house,4,1,1670,32000000.0
Kandy,apartment,5,2,2024,48400000.0
Negombo,land,0,0,8165,100800000.0
Galle,house,1,1,4808,85000000.0
Kurunegala,house,2,1,3737,50600000.0
Dehiwala,house,3,2,2314,67500000.0
Dehiwala,house,3,1,4240,107000000.0
Negombo,house,1,1,1821,34800000.0
Colombo,house,2,2,4499,168700000.0
Galle,house,2,3,4358,78600000.0
Negombo,apartment,2,2,4423,102900000.0
Kandy,house,2,2,3505,63400000.0
Negombo,house,5,5,3847,80700000.0
Kandy,house,1,1,2311,40800000.0
Kurunegala,house,1,1,2068,28000000.0
Rajagiriya,house,3,3,1862,58900000.0
Galle,house,2,2,898,21000000.0
Dehiwala,house,5,4,2774,82200000.0
Galle,apartment,2,2,2707,60000000.0
Negombo,apartment,1,2,3164,73500000.0
Rajagiriya,house,1,1,3556,102400000.0
Colombo,house,1,2,4206,155800000.0
Kandy,apartment,5,3,4673,95900000.0
Nugegoda,house,3,2,3452,82000000.0
Kurunegala,apartment,3,4,1796,34500000.0
Kurunegala,house,2,1,1759,24100000.0
Negombo,house,3,1,4977,96400000.0
Nugegoda,house,5,4,4228,114100000.0
Battaramulla,house,5,5,3737,106500000.0
Negombo,house,3,4,2127,49000000.0
Galle,apartment,1,1,1152,27000000.0
Gampaha,land,0,0,7619,81000000.0
Nugegoda,house,1,1,3501,81300000.0
Gampaha,house,3,1,2229,37800000.0
Colombo,house,3,4,2657,103900000.0
Kandy,apartment,5,6,2066,54600000.0
Colombo,house,5,6,2475,102900000.0
Dehiwala,house,3,4,2370,69900000.0
Nugegoda,apartment,5,5,1172,47000000.0
Negombo,apartment,2,2,4760,110300000.0
Galle,land,0,0,5646,67100000.0
Gampaha,house,1,2,3542,58900000.0
Kurunegala,house,3,3,1317,23500000.0
Dehiwala,house,4,1,1512,46700000.0
Rajagiriya,apartment,4,2,946,41700000.0
Nugegoda,house,3,2,4939,124500000.0
Battaramulla,apartment,2,2,1118,36300000.0
Kurunegala,apartment,1,1,1294,20100000.0
Kandy,house,5,4,1847,42800000.0
Battaramulla,house,2,1,1040,27800000.0
Kandy,house,2,2,3478,57700000.0
Rajagiriya,house,3,2,1341,43100000.0
Negombo,house,2,2,2523,51900000.0
Battaramulla,house,1,2,2784,73700000.0
Colombo,house,5,6,2821,114600000.0
Gampaha,house,2,1,4769,77600000.0
Gampaha,house,4,2,2800,50800000.0
Kandy,house,5,3,4147,77300000.0
Kurunegala,apartment,2,1,3367,50300000.0
Battaramulla,apartment,1,1,2803,86400000.0
Kurunegala,apartment,2,3,1294,24800000.0
Kandy,apartment,5,4,1287,35800000.0
Negombo,apartment,4,2,1468,37800000.0
Negombo,house,1,2,2452,46400000.0
Rajagiriya,house,1,1,2564,72600000.0
Kurunegala,apartment,2,2,1731,29200000.0
Rajagiriya,house,5,5,4940,148700000.0
Kurunegala,house,5,4,3597,56900000.0
Battaramulla,apartment,5,1,3939,124200000.0
Kurunegala,apartment,3,1,1041,20400000.0
Galle,house,5,4,2922,58400000.0
Dehiwala,house,2,1,4218,104500000.0
Nugegoda,house,4,1,2400,64400000.0
Nugegoda,house,1,2,4475,106100000.0
Colombo,apartment,5,5,3671,166700000.0
Dehiwala,house,4,5,4664,133000000.0
Kandy,apartment,3,2,4461,92600000.0
Dehiwala,land,0,0,7138,130000000.0
Nugegoda,house,1,2,951,24200000.0
Galle,house,2,1,1502,28500000.0
Rajagiriya,apartment,3,1,1175,46400000.0
Kurunegala,apartment,5,5,4856,82000000.0
Kurunegala,house,3,1,1353,20900000.0
Kurunegala,house,3,3,2508,36700000.0
Gampaha,house,1,1,2091,34000000.0
Negombo,apartment,4,4,3829,96800000.0
Battaramulla,house,3,1,2298,59300000.0
Nugegoda,land,0,0,1978,33200000.0
Kandy,house,5,1,2889,56000000.0
Nugegoda,house,5,2,4422,106400000.0
Kurunegala,house,5,6,3290,54600000.0
Battaramulla,land,0,0,7223,123000000.0
Rajagiriya,house,4,5,3637,113600000.0
Kurunegala,house,3,2,3592,50100000.0
Colombo,apartment,5,2,3888,180100000.0
Dehiwala,house,1,1,2246,55900000.0
Gampaha,land,0,0,2343,23400000.0
Dehiwala,apartment,5,6,4084,141700000.0
Kurunegala,house,2,1,925,15300000.0
Galle,apartment,1,2,1224,28500000.0
Gampaha,apartment,5,5,4870,96900000.0
Dehiwala,apartment,2,1,2911,89300000.0
Battaramulla,house,4,1,3350,91300000.0
Nugegoda,apartment,3,2,913,32000000.0
Negombo,house,4,1,2202,45300000.0
Rajagiriya,house,5,1,2450,77300000.0
Gampaha,house,4,5,2721,53000000.0
Kurunegala,land,0,0,4655,39800000.0
Colombo,apartment,5,1,2198,105000000.0
Nugegoda,apartment,4,1,1247,43300000.0
Nugegoda,apartment,5,4,776,34300000.0
Gampaha,apartment,3,2,4392,82400000.0
Dehiwala,house,2,2,1836,50700000.0
Battaramulla,house,5,4,4213,114600000.0
Galle,house,1,1,3878,68400000.0
Colombo,house,1,2,4717,164000000.0
Galle,apartment,3,3,4726,106500000.0
Nugegoda,house,5,1,4624,113100000.0
Negombo,house,4,3,1746,41300000.0
Kurunegala,house,4,2,1567,26800000.0
Negombo,land,0,0,1104,14200000.0
Kandy,house,5,2,4947,90300000.0
Galle,house,5,5,2778,61700000.0
Battaramulla,house,2,3,3737,91300000.0
Rajagiriya,apartment,4,2,1898,71100000.0
Negombo,apartment,1,2,3333,73500000.0
Battaramulla,house,4,5,1919,56000000.0
Nugegoda,apartment,1,1,761,23900000.0
Kandy,house,1,2,4306,70700000.0
Battaramulla,apartment,1,1,924,28200000.0
Colombo,land,0,0,7426,180900000.0
Battaramulla,house,2,1,1196,32100000.0
Rajagiriya,house,5,6,1128,47200000.0
Colombo,house,1,2,1411,54300000.0
Kurunegala,house,2,1,3458,45000000.0
Galle,house,5,4,4919,93500000.0
Kurunegala,house,1,1,4508,53900000.0
Dehiwala,house,5,5,4130,113400000.0
Galle,land,0,0,3153,38300000.0
Rajagiriya,house,1,1,4408,121800000.0
Negombo,house,3,1,3728,70000000.0
Rajagiriya,house,5,4,4078,128400000.0
Kurunegala,house,5,3,1349,25900000.0
Colombo,land,0,0,6626,166900000.0
Dehiwala,house,4,3,4012,108500000.0
Colombo,house,3,4,4317,154400000.0
Dehiwala,apartment,3,2,4242,136000000.0
Galle,house,3,1,2629,50900000.0
Nugegoda,house,1,2,2484,62500000.0
Kandy,apartment,3,4,1583,39500000.0
Negombo,house,1,1,1573,30600000.0
Colombo,land,0,0,1707,43700000.0
Battaramulla,apartment,5,6,1426,54000000.0
Negombo,house,4,2,1107,27700000.0
Dehiwala,house,3,4,4705,122300000.0
Rajagiriya,apartment,2,1,1364,52100000.0
Kurunegala,house,4,2,1260,23600000.0
Negombo,house,2,2,823,19300000.0
Negombo,house,3,1,4429,83800000.0
Galle,apartment,4,1,4030,86900000.0
Rajagiriya,house,5,4,3712,120600000.0
Negombo,apartment,1,1,3544,80000000.0
Negombo,apartment,2,1,1378,34600000.0
Nugegoda,house,4,5,2027,56800000.0
Rajagiriya,house,3,2,1921,58700000.0
Dehiwala,land,0,0,3310,55100000.0
Battaramulla,apartment,2,3,3352,99200000.0
Rajagiriya,apartment,3,1,1272,50600000.0
Negombo,house,2,1,1926,37200000.0
Kurunegala,house,3,1,3150,42500000.0
Rajagiriya,house,2,1,1583,49800000.0
Galle,house,4,5,2097,44300000.0
Battaramulla,house,4,2,3398,93400000.0
Kandy,apartment,1,1,3934,77500000.0
Galle,house,4,3,2694,52700000.0
Colombo,house,3,4,4344,157700000.0
Negombo,house,4,4,1246,33400000.0
Negombo,apartment,3,4,4340,101600000.0
Gampaha,apartment,2,2,4436,86100000.0
Colombo,land,0,0,3173,76800000.0
Nugegoda,house,1,2,1397,36300000.0
Galle,apartment,1,1,2472,52400000.0
Dehiwala,apartment,3,1,3265,104300000.0
Kurunegala,apartment,5,1,4352,71300000.0
Battaramulla,apartment,2,2,4997,144200000.0
Kurunegala,house,5,2,798,19600000.0
Negombo,house,4,2,2010,45900000.0
Galle,house,3,3,4992,93400000.0
Dehiwala,apartment,5,3,4060,132300000.0
Colombo,apartment,1,1,2604,113500000.0
Rajagiriya,house,2,2,2433,76600000.0
Rajagiriya,house,2,2,3022,86200000.0
Negombo,house,5,1,3013,62900000.0
Gampaha,house,5,4,4206,71000000.0
Battaramulla,land,0,0,7874,129100000.0
Kandy,land,0,0,4889,55200000.0
Colombo,house,4,2,1453,58400000.0
Rajagiriya,house,5,4,4537,134300000.0
Negombo,apartment,2,2,2355,55700000.0
Battaramulla,house,1,1,4603,115300000.0
Negombo,house,5,4,4757,97200000.0
Dehiwala,house,4,1,2248,60900000.0
Kandy,house,5,5,4172,82400000.0
Gampaha,house,4,2,4409,73800000.0
Kurunegala,land,0,0,3683,32100000.0
Battaramulla,apartment,1,2,4853,137400000.0
Kandy,house,5,3,1807,38600000.0
Kurunegala,land,0,0,8283,69400000.0
Kurunegala,house,4,5,4383,65600000.0
Kandy,house,3,1,1354,26900000.0
Galle,house,5,6,3028,61800000.0
Kurunegala,house,3,4,1674,29300000.0
Rajagiriya,house,5,1,1638,54400000.0
Negombo,house,3,3,1160,28500000.0
Dehiwala,house,5,3,2552,74500000.0
Negombo,house,2,3,3001,57900000.0
Nugegoda,apartment,2,3,940,32900000.0
Rajagiriya,apartment,4,1,4908,166700000.0
Dehiwala,house,5,3,3997,106400000.0
Dehiwala,house,5,5,2972,86800000.0
Kandy,house,5,3,3633,67600000.0
Kandy,apartment,2,3,852,22600000.0
Nugegoda,apartment,1,1,3535,101200000.0
Colombo,house,3,4,4275,164400000.0
Negombo,house,2,3,2663,56000000.0
Negombo,land,0,0,5137,66800000.0
Gampaha,house,4,5,4499,81200000.0
Dehiwala,land,0,0,3192,55600000.0
Kandy,house,4,3,3718,70700000.0
Kurunegala,house,4,1,3851,51900000.0
Gampaha,house,5,1,3781,63900000.0
Gampaha,house,5,6,1628,39500000.0
Dehiwala,apartment,5,6,1444,57500000.0
Nugegoda,apartment,4,5,2503,81200000.0
Negombo,house,4,4,1609,40100000.0
Nugegoda,apartment,3,1,1076,34600000.0
Gampaha,apartment,5,5,2714,59200000.0
Kurunegala,house,5,4,4787,69100000.0
Galle,house,2,3,1797,35400000.0
Colombo,house,1,2,2487,92900000.0
Kurunegala,apartment,2,2,3202,53400000.0
Gampaha,land,0,0,5833,61900000.0
Galle,house,5,4,935,27100000.0
Kurunegala,house,4,4,3769,57500000.0
Dehiwala,apartment,5,5,2184,77200000.0
Kurunegala,house,3,1,1224,21200000.0
Dehiwala,land,0,0,3437,60500000.0
Negombo,land,0,0,8196,105600000.0
Kurunegala,house,4,2,1408,25900000.0
Kandy,house,4,5,995,26400000.0
Battaramulla,house,1,1,2934,71400000.0
Kurunegala,house,4,2,1878,30200000.0
Kurunegala,house,4,5,3378,52000000.0
Nugegoda,house,3,1,2722,70300000.0
Kandy,house,5,4,961,26000000.0
Nugegoda,apartment,5,3,3747,114500000.0
Battaramulla,house,3,2,1710,46300000.0
Kandy,apartment,2,1,3184,67300000.0
Nugegoda,house,2,2,1257,34300000.0
Nugegoda,house,4,5,2943,81300000.0
Dehiwala,house,4,4,3773,107600000.0
Dehiwala,apartment,3,3,1094,40000000.0
Battaramulla,house,2,1,4572,111700000.0
Battaramulla,house,3,3,4516,118700000.0
Battaramulla,house,2,3,4259,110100000.0
Battaramulla,land,0,0,2777,48600000.0
Nugegoda,house,3,3,3215,84800000.0
Nugegoda,house,5,1,818,26000000.0
Colombo,apartment,4,3,4555,202200000.0
Rajagiriya,land,0,0,5554,113400000.0
Kandy,house,1,1,4734,79100000.0
Negombo,apartment,3,4,3432,79200000.0
Battaramulla,house,1,1,1005,27300000.0
Negombo,house,5,4,2446,55000000.0
Kurunegala,house,3,4,3844,54100000.0
Kurunegala,house,4,1,3526,47900000.0
Rajagiriya,apartment,5,5,4868,176200000.0
Gampaha,house,2,1,3005,47300000.0
Rajagiriya,house,4,3,1143,42500000.0
Galle,apartment,5,6,826,30000000.0
Kurunegala,apartment,1,2,4584,67800000.0
Rajagiriya,house,4,1,1504,49800000.0
Negombo,house,1,1,4225,81600000.0
Nugegoda,house,1,2,1367,34000000.0
Kandy,house,5,1,3148,58000000.0
Gampaha,apartment,3,1,3829,76600000.0
Dehiwala,house,4,4,1310,43300000.0
Galle,house,1,1,3795,68600000.0
Dehiwala,apartment,2,1,4216,124200000.0
Nugegoda,house,3,4,949,31700000.0
Colombo,house,3,4,3273,119000000.0
Rajagiriya,land,0,0,8578,165300000.0
Galle,house,2,3,2483,48800000.0
Kurunegala,apartment,3,3,3461,55200000.0
Negombo,apartment,1,1,2284,53500000.0
Gampaha,house,4,3,1764,33800000.0
Gampaha,house,3,1,3236,55700000.0
Negombo,house,3,2,3546,68600000.0
Nugegoda,land,0,0,5406,83200000.0
Colombo,apartment,4,3,2229,98100000.0
Nugegoda,house,3,2,1354,36600000.0
Dehiwala,house,3,1,2828,79000000.0
Rajagiriya,land,0,0,4300,80900000.0
Negombo,house,1,2,1033,21400000.0
Colombo,house,4,1,2803,100500000.0
Gampaha,house,3,3,4439,73400000.0
Dehiwala,house,5,5,3284,95400000.0
Dehiwala,house,3,4,2147,65200000.0
Gampaha,apartment,3,2,3948,76100000.0
Negombo,apartment,3,4,4483,105100000.0
Gampaha,apartment,3,1,2904,58200000.0
Kurunegala,house,3,1,1110,18600000.0
Battaramulla,house,5,4,3794,103700000.0
Kurunegala,house,4,3,4791,68700000.0
Kurunegala,house,1,2,2256,29600000.0
Nugegoda,land,0,0,5590,89500000.0
Colombo,house,4,2,3231,124000000.0
Kandy,house,2,2,3853,68500000.0
Kandy,apartment,2,1,4659,89900000.0
Colombo,apartment,1,2,987,45300000.0
Dehiwala,apartment,2,2,2482,79800000.0
Negombo,apartment,2,1,1547,36600000.0
Dehiwala,house,3,2,2204,64200000.0
Dehiwala,house,3,3,885,28900000.0
Colombo,apartment,3,2,3322,142000000.0
Gampaha,apartment,2,3,4776,93600000.0
Kurunegala,house,2,2,3208,44400000.0
Nugegoda,house,4,3,4084,105400000.0
Battaramulla,house,3,2,1450,40900000.0
Nugegoda,apartment,1,1,1551,43900000.0
Battaramulla,house,1,2,3715,95100000.0
Rajagiriya,house,1,1,3542,98300000.0
Colombo,house,1,1,4405,155300000.0
Kurunegala,apartment,1,1,2612,40800000.0
Kandy,house,5,6,4001,76000000.0
Battaramulla,apartment,2,1,4721,136700000.0
Colombo,house,4,3,2438,92400000.0
Battaramulla,house,5,4,3083,87500000.0
Negombo,apartment,1,2,3090,68500000.0
Battaramulla,apartment,5,5,3490,115200000.0
Rajagiriya,house,5,1,4095,120000000.0
Nugegoda,house,4,1,1577,43100000.0
Kandy,land,0,0,1844,21300000.0
Colombo,house,5,6,4280,165400000.0
Kandy,apartment,4,3,3881,87300000.0
Dehiwala,house,5,5,3733,104400000.0
Kandy,house,4,3,946,24600000.0
Kandy,house,1,2,3225,54800000.0
Kurunegala,apartment,3,1,1324,24600000.0
Nugegoda,house,3,4,4170,100100000.0
Colombo,house,5,3,1132,50400000.0
Galle,house,2,2,2756,51500000.0
Galle,house,2,3,3829,71700000.0
Colombo,apartment,3,2,3936,170800000.0
Kandy,house,2,3,4864,87100000.0
Kurunegala,apartment,1,1,4204,66200000.0
Rajagiriya,house,4,2,3044,91000000.0
Nugegoda,house,5,3,2389,68500000.0
Nugegoda,house,1,1,2654,61900000.0
Kandy,house,1,1,2957,50800000.0
Galle,land,0,0,8639,105000000.0
Dehiwala,house,3,3,3667,102400000.0
Nugegoda,house,5,6,1972,61400000.0
Gampaha,house,5,1,2300,42300000.0
Battaramulla,house,1,2,4005,99800000.0
Rajagiriya,house,4,1,2179,65500000.0
Battaramulla,land,0,0,3882,63900000.0
Kurunegala,apartment,4,4,4054,65300000.0
Gampaha,house,3,2,2221,41600000.0
Rajagiriya,house,5,1,1726,55600000.0
Nugegoda,house,2,2,2299,58000000.0
Colombo,house,3,2,3106,117400000.0
Gampaha,house,2,3,3684,59200000.0
Colombo,house,1,1,3866,140200000.0
Colombo,house,4,4,3817,145200000.0
Battaramulla,apartment,3,2,2031,63600000.0
Rajagiriya,land,0,0,3373,67000000.0
Colombo,house,4,3,3675,134100000.0
Colombo,land,0,0,5590,135400000.0
Kandy,house,2,2,2487,44800000.0
Colombo,house,2,1,2550,91600000.0
Rajagiriya,apartment,5,2,3681,132700000.0
Nugegoda,house,5,5,2305,68700000.0
Nugegoda,apartment,3,2,2694,82700000.0
Galle,land,0,0,1746,21500000.0
Nugegoda,apartment,2,2,1768,55500000.0
Kandy,house,1,2,2292,41700000.0
Gampaha,apartment,4,4,4623,95400000.0
Nugegoda,apartment,3,1,1181,39500000.0
Dehiwala,apartment,4,4,2844,91600000.0
Nugegoda,house,3,1,1549,40600000.0
Kurunegala,house,3,3,4554,64900000.0
Battaramulla,house,5,2,4882,122100000.0
Battaramulla,apartment,5,4,3512,116500000.0
Galle,house,3,1,2962,56500000.0
Battaramulla,apartment,4,5,1271,46900000.0
Gampaha,apartment,1,1,2469,44600000.0
Dehiwala,house,2,3,2359,67900000.0
Kandy,apartment,1,2,2886,58900000.0
Negombo,house,4,2,2189,48900000.0
Colombo,house,2,3,3644,129600000.0
Dehiwala,apartment,3,1,4117,127900000.0
Kandy,apartment,5,5,1045,31400000.0
Battaramulla,apartment,5,3,4625,137000000.0
Galle,house,2,1,979,20400000.0
Rajagiriya,land,0,0,5457,102000000.0
Galle,house,2,3,4606,83300000.0
Battaramulla,house,2,1,4257,107800000.0
Kurunegala,house,1,1,4749,59300000.0
Battaramulla,house,1,1,3727,87800000.0
Colombo,apartment,4,2,3828,160800000.0
Negombo,apartment,2,2,4121,92800000.0
Rajagiriya,house,2,3,2169,65500000.0
Dehiwala,house,3,4,2220,63800000.0
Gampaha,apartment,2,2,4728,89400000.0
Negombo,house,1,1,1930,36900000.0
Kandy,apartment,4,1,3985,85000000.0
Kandy,land,0,0,4998,54700000.0
Colombo,apartment,3,2,3818,168800000.0
Dehiwala,apartment,3,2,1985,63900000.0
Kurunegala,apartment,1,1,2642,40300000.0
Nugegoda,apartment,5,2,2698,83400000.0
Gampaha,house,4,1,3275,56900000.0
Kandy,apartment,5,6,2196,55000000.0
Dehiwala,house,1,1,1314,34800000.0
Dehiwala,apartment,5,3,3863,128400000.0
Galle,land,0,0,2636,32700000.0
Colombo,apartment,5,2,2848,129700000.0
Nugegoda,apartment,1,1,1008,30400000.0
Rajagiriya,house,5,4,3126,102200000.0
Galle,house,2,1,4116,75100000.0
Kandy,house,1,2,1537,27000000.0
Nugegoda,house,1,1,4771,117800000.0
Kurunegala,house,5,6,2162,39900000.0
Rajagiriya,house,4,5,3298,105400000.0
Kurunegala,house,3,4,4892,67600000.0
Gampaha,house,3,1,4067,64100000.0
Rajagiriya,house,5,3,4651,141600000.0
Galle,house,2,3,2318,47600000.0
Negombo,house,1,2,4268,84200000.0
Negombo,land,0,0,8606,113000000.0
Kurunegala,apartment,4,5,4917,85100000.0
Gampaha,house,1,2,2308,37800000.0
Kurunegala,apartment,4,2,1764,33300000.0
Negombo,house,1,2,3856,74500000.0
Rajagiriya,house,2,2,3793,114800000.0
Galle,house,2,2,1025,23100000.0
Kurunegala,house,5,5,2174,39800000.0
Negombo,apartment,2,2,3835,88700000.0
Nugegoda,apartment,5,1,1818,56000000.0
Rajagiriya,house,4,4,2942,93300000.0
Rajagiriya,house,5,1,2575,82000000.0
Negombo,apartment,3,1,1092,27900000.0
Galle,house,2,1,4222,73300000.0
Rajagiriya,apartment,2,1,2948,103900000.0
Rajagiriya,house,4,3,2816,91200000.0
Dehiwala,house,1,1,2804,73700000.0
Galle,house,3,1,3371,64800000.0
Nugegoda,apartment,3,1,1273,42100000.0
Nugegoda,house,3,1,2269,59700000.0
Rajagiriya,house,3,4,2018,68100000.0
Negombo,apartment,4,1,2577,64900000.0
Colombo,house,4,4,2523,94500000.0
Rajagiriya,house,1,1,2235,64700000.0
Kandy,house,1,1,2665,45100000.0
Battaramulla,apartment,2,2,2326,73400000.0
Negombo,house,1,1,1958,38000000.0
Battaramulla,house,2,1,2912,76700000.0
Kandy,house,1,1,2559,41500000.0
Dehiwala,apartment,4,2,2178,74900000.0
Nugegoda,house,3,4,3644,96400000.0
Nugegoda,apartment,2,1,4186,121300000.0
Nugegoda,apartment,4,2,2700,78600000.0
Nugegoda,apartment,3,1,2763,81600000.0
Galle,land,0,0,6643,75900000.0
Gampaha,house,5,3,2888,52800000.0
Dehiwala,house,5,3,1860,55700000.0
Kurunegala,apartment,5,5,2313,46400000.0
Kandy,house,4,1,2133,42600000.0
Galle,apartment,5,3,3717,82200000.0
Colombo,apartment,2,2,1853,85500000.0
Dehiwala,house,3,3,1141,34900000.0
Colombo,house,2,2,4350,154100000.0
Gampaha,land,0,0,8885,93600000.0
Kandy,apartment,4,5,1084,32700000.0
Battaramulla,house,3,4,1690,47000000.0
Galle,house,5,5,3200,65800000.0
Colombo,house,4,5,4416,163400000.0
Gampaha,house,3,2,4523,76100000.0
Rajagiriya,house,2,2,3724,109200000.0
Colombo,house,1,1,2360,81100000.0
Battaramulla,house,5,3,2881,78200000.0
Dehiwala,apartment,5,5,2465,83200000.0
Galle,apartment,2,2,3800,84800000.0
Gampaha,apartment,5,3,915,26800000.0
Gampaha,house,2,1,3012,51500000.0
Battaramulla,apartment,2,1,2869,87900000.0
Dehiwala,apartment,3,1,3745,122900000.0
Negombo,land,0,0,2627,34200000.0
Galle,apartment,1,1,1670,37500000.0
Kurunegala,house,4,3,1087,22400000.0
Colombo,house,1,1,3578,124500000.0
Negombo,apartment,5,1,3106,73600000.0
Battaramulla,house,5,1,3808,101600000.0
Negombo,land,0,0,4676,59000000.0
Gampaha,house,4,4,2822,53900000.0
Colombo,apartment,3,2,1434,69900000.0
Kurunegala,house,5,4,1483,29800000.0
Negombo,apartment,3,4,2482,62300000.0
Kurunegala,house,4,5,1237,24900000.0
Rajagiriya,apartment,5,1,2141,77100000.0
Colombo,house,5,1,1227,51100000.0
Colombo,apartment,2,1,4147,185300000.0
Negombo,apartment,3,4,1904,50000000.0
Negombo,apartment,3,4,917,28000000.0
Kurunegala,house,3,2,827,16000000.0
Nugegoda,apartment,1,2,1314,40700000.0
Nugegoda,house,5,6,4088,103900000.0
Negombo,land,0,0,4645,61300000.0
Kurunegala,house,4,2,4016,57800000.0
Rajagiriya,house,3,2,2329,72400000.0
Dehiwala,house,4,2,3140,85600000.0
Kandy,apartment,2,2,1524,34800000.0
Gampaha,apartment,3,1,2970,59900000.0
Colombo,apartment,4,5,3731,162000000.0
Gampaha,house,2,3,4900,77800000.0
Colombo,house,1,1,4992,171400000.0
Galle,house,5,6,3087,68800000.0
Gampaha,apartment,5,2,776,23400000.0
Battaramulla,house,2,2,1016,30600000.0
Galle,house,3,2,4846,91600000.0
Galle,apartment,1,2,4661,93900000.0
Kurunegala,apartment,1,1,3136,46700000.0
Nugegoda,apartment,3,2,1153,37500000.0
Nugegoda,apartment,2,1,4956,142800000.0
Rajagiriya,house,4,1,4073,126000000.0
Rajagiriya,apartment,5,2,3761,130900000.0
Negombo,house,1,1,1883,36300000.0
Rajagiriya,land,0,0,7010,142700000.0
Gampaha,land,0,0,9418,103800000.0
Nugegoda,apartment,1,1,2216,66600000.0
Negombo,land,0,0,6148,79200000.0
Galle,house,1,2,4701,81800000.0
Nugegoda,apartment,1,2,4312,119500000.0
Dehiwala,house,3,1,3681,94300000.0
Kandy,house,1,2,2867,47200000.0
Galle,apartment,4,1,4431,94100000.0
Galle,apartment,2,1,3912,85800000.0
Nugegoda,apartment,4,4,3993,123200000.0
Battaramulla,house,1,1,2551,63200000.0
Galle,apartment,1,2,4621,101200000.0
Colombo,house,4,5,1102,48300000.0
Dehiwala,house,2,1,1866,49700000.0
Negombo,apartment,4,5,2978,77200000.0
Battaramulla,house,2,2,4579,109600000.0
Galle,house,4,3,977,25800000.0
Kurunegala,apartment,1,1,1448,22700000.0
Nugegoda,apartment,1,2,3664,105200000.0
Kurunegala,apartment,5,4,2093,39700000.0
Rajagiriya,apartment,4,1,3192,112400000.0
Galle,house,1,2,2487,46700000.0
Nugegoda,apartment,1,2,2846,81300000.0
Gampaha,house,5,1,2853,50400000.0
Nugegoda,apartment,1,1,3982,112500000.0
Colombo,house,3,4,3571,137400000.0
Kurunegala,apartment,5,3,3166,53900000.0
Rajagiriya,apartment,3,1,1551,60400000.0
Galle,house,2,3,1920,36800000.0
Galle,apartment,4,5,4992,107700000.0
Kandy,apartment,4,5,3520,80900000.0
Colombo,house,5,4,3436,130600000.0
Colombo,house,2,3,1155,48600000.0
Rajagiriya,apartment,5,1,912,39600000.0
Rajagiriya,house,1,1,1148,34200000.0
Dehiwala,apartment,3,1,989,33600000.0
Colombo,house,2,2,2856,104000000.0
Galle,apartment,2,1,4658,100500000.0
Kandy,land,0,0,6137,68800000.0
Negombo,house,5,2,1778,43400000.0
Dehiwala,house,5,5,4179,118100000.0
Gampaha,apartment,2,1,1896,38100000.0
Dehiwala,house,4,3,1779,54600000.0
Colombo,apartment,1,1,4119,174300000.0
Rajagiriya,house,2,2,1555,49200000.0
Gampaha,house,4,5,3897,69600000.0
Kurunegala,house,2,2,1066,17000000.0
Galle,house,4,1,1245,28200000.0
Dehiwala,house,4,1,3117,82900000.0
Kurunegala,house,5,4,4472,66400000.0
Negombo,land,0,0,8235,105800000.0
Gampaha,land,0,0,7136,76700000.0
Battaramulla,house,3,2,3224,81600000.0
Kandy,house,3,1,3851,67000000.0
Battaramulla,apartment,2,3,1378,47200000.0
Kurunegala,apartment,5,4,3608,63000000.0
Rajagiriya,house,2,1,4669,129000000.0
Gampaha,house,1,1,1584,27400000.0
Battaramulla,house,1,2,3179,83500000.0
Battaramulla,house,2,2,1929,50100000.0
Kandy,apartment,3,4,4340,89300000.0
Colombo,house,5,5,1856,76600000.0
Gampaha,house,1,2,1361,23900000.0
Negombo,house,2,3,2087,45000000.0
Colombo,house,4,3,2864,106900000.0
Kurunegala,house,3,3,828,18100000.0
Kurunegala,house,5,1,3734,51700000.0
Gampaha,apartment,1,2,3589,67000000.0
Kandy,house,3,2,2276,42600000.0
Dehiwala,house,2,1,1265,35100000.0
Kurunegala,house,3,3,2317,36400000.0
Gampaha,house,1,2,1053,19600000.0
Rajagiriya,land,0,0,7508,143500000.0
Kandy,house,3,3,3020,53200000.0
Gampaha,apartment,1,2,1384,29300000.0
Battaramulla,apartment,4,2,4224,125600000.0
Kurunegala,house,5,2,3947,56200000.0
Gampaha,house,3,3,1595,30400000.0
Colombo,apartment,5,1,4365,192700000.0
